rssid,url,error_message
1927,https://alzawraapaper.comcontent.php/?id=379508,"Article `download()` failed with HTTPSConnectionPool(host='alzawraapaper.comcontent.php', port=443): Max retries exceeded with url: /?id=379508 (Caused by NameResolutionError(""<urllib3.connection.HTTPSConnection object at 0x7ba47c76e930>: Failed to resolve 'alzawraapaper.comcontent.php' ([Errno -2] Name or service not known)"")) on URL https://alzawraapaper.comcontent.php/?id=379508"
7274,https://www.reuters.com/world/americas/canada-appoints-new-envoy-india-sign-improving-ties-2025-08-28/,Article `download()` failed with 401 Client Error: HTTP Forbidden for url: https://www.reuters.com/world/americas/canada-appoints-new-envoy-india-sign-improving-ties-2025-08-28/ on URL https://www.reuters.com/world/americas/canada-appoints-new-envoy-india-sign-improving-ties-2025-08-28/
5571,https://www.ammonnews.net/article/944417,Article `download()` failed with 403 Client Error: Forbidden for url: https://www.ammonnews.net/article/944417 on URL https://www.ammonnews.net/article/944417
3207,https://www.facebook.com/sharer.php?u=https://hathalyoum.net/3859602,Article `download()` failed with 400 Client Error: Bad Request for url: https://www.facebook.com/sharer.php?u=https://hathalyoum.net/3859602 on URL https://www.facebook.com/sharer.php?u=https://hathalyoum.net/3859602
2977,https://www.al-madina.com/article/948845/%D9%85%D9%86%D8%AA%D8%AF%D9%89/%D8%B9%D9%85%D9%84-%D8%A8%D8%B7%D9%88%D9%84%D9%8A-%D9%8A%D8%AC%D8%B3%D8%AF-%D8%A7%D9%84%D8%B4%D9%87%D8%A7%D9%85%D8%A9-%D8%A7%D9%84%D8%B3%D8%B9%D9%88%D8%AF%D9%8A%D8%A9,Article `download()` failed with 403 Client Error: Forbidden for url: https://www.al-madina.com/article/948845/%D9%85%D9%86%D8%AA%D8%AF%D9%89/%D8%B9%D9%85%D9%84-%D8%A8%D8%B7%D9%88%D9%84%D9%8A-%D9%8A%D8%AC%D8%B3%D8%AF-%D8%A7%D9%84%D8%B4%D9%87%D8%A7%D9%85%D8%A9-%D8%A7%D9%84%D8%B3%D8%B9%D9%88%D8%AF%D9%8A%D8%A9 on URL https://www.al-madina.com/article/948845/%D9%85%D9%86%D8%AA%D8%AF%D9%89/%D8%B9%D9%85%D9%84-%D8%A8%D8%B7%D9%88%D9%84%D9%8A-%D9%8A%D8%AC%D8%B3%D8%AF-%D8%A7%D9%84%D8%B4%D9%87%D8%A7%D9%85%D8%A9-%D8%A7%D9%84%D8%B3%D8%B9%D9%88%D8%AF%D9%8A%D8%A9
1164,https://dnyuz.com/2025/08/28/trump-is-claiming-mortgage-fraud-to-attack-enemies-is-your-information-public/,Article `download()` failed with 403 Client Error: Forbidden for url: https://dnyuz.com/2025/08/28/trump-is-claiming-mortgage-fraud-to-attack-enemies-is-your-information-public/ on URL https://dnyuz.com/2025/08/28/trump-is-claiming-mortgage-fraud-to-attack-enemies-is-your-information-public/
7274,https://www.reuters.com/world/europe/italys-foreign-minister-sees-no-end-ukraine-war-this-year-2025-08-28/,Article `download()` failed with 401 Client Error: HTTP Forbidden for url: https://www.reuters.com/world/europe/italys-foreign-minister-sees-no-end-ukraine-war-this-year-2025-08-28/ on URL https://www.reuters.com/world/europe/italys-foreign-minister-sees-no-end-ukraine-war-this-year-2025-08-28/
9784,https://omannews.gov.om/topics/ar/5/show/455751,"Article `download()` failed with HTTPSConnectionPool(host='omannews.gov.om', port=443): Max retries exceeded with url: /topics/ar/5/show/455751 (Caused by SSLError(SSLCertVerificationError(1, '[SSL: CERTIFICATE_VERIFY_FAILED] certificate verify failed: unable to get local issuer certificate (_ssl.c:1000)'))) on URL https://omannews.gov.om/topics/ar/5/show/455751"
1165,https://dnyuz.com/2025/08/28/fed-governor-lisa-cook-sues-trump-over-dismissal/,Article `download()` failed with 403 Client Error: Forbidden for url: https://dnyuz.com/2025/08/28/fed-governor-lisa-cook-sues-trump-over-dismissal/ on URL https://dnyuz.com/2025/08/28/fed-governor-lisa-cook-sues-trump-over-dismissal/
11614,https://www.gulftoday.ae/news/2025/08/25/uae-schools-welcome-a-million-students-warmly-on-first-day,Article `download()` failed with 403 Client Error: Forbidden for url: https://www.gulftoday.ae/news/2025/08/25/uae-schools-welcome-a-million-students-warmly-on-first-day on URL https://www.gulftoday.ae/news/2025/08/25/uae-schools-welcome-a-million-students-warmly-on-first-day
5138,https://ca.investing.com/news/company-news/immunovia-q2-2025-slides-pancreasure-launch-plan-unveiled-amid-stock-decline-93CH-4180653,Article `download()` failed with 403 Client Error: Forbidden for url: https://ca.investing.com/news/company-news/immunovia-q2-2025-slides-pancreasure-launch-plan-unveiled-amid-stock-decline-93CH-4180653 on URL https://ca.investing.com/news/company-news/immunovia-q2-2025-slides-pancreasure-launch-plan-unveiled-amid-stock-decline-93CH-4180653
4739,https://menafn.com/arabic/1109976844/مسابقة-شانجان-العالمية-للمهارات-تشهد-مشاركة-نخبة-من-الفنيين-والاستشاريين-المتخصصين-في-صيانة-السيارات-في-منطقة-الشرق-الأوسط-وأفريقيا,"Article `download()` failed with ('Connection aborted.', ConnectionResetError(104, 'Connection reset by peer')) on URL https://menafn.com/arabic/1109976844/مسابقة-شانجان-العالمية-للمهارات-تشهد-مشاركة-نخبة-من-الفنيين-والاستشاريين-المتخصصين-في-صيانة-السيارات-في-منطقة-الشرق-الأوسط-وأفريقيا"
1167,https://dnyuz.com/2025/08/27/new-c-d-c-director-is-fired-white-house-says/,Article `download()` failed with 403 Client Error: Forbidden for url: https://dnyuz.com/2025/08/27/new-c-d-c-director-is-fired-white-house-says/ on URL https://dnyuz.com/2025/08/27/new-c-d-c-director-is-fired-white-house-says/
1164,https://dnyuz.com/2025/08/28/7-red-flags-to-look-out-for-when-getting-a-manicure-according-to-salon-owners/,Article `download()` failed with 403 Client Error: Forbidden for url: https://dnyuz.com/2025/08/28/7-red-flags-to-look-out-for-when-getting-a-manicure-according-to-salon-owners/ on URL https://dnyuz.com/2025/08/28/7-red-flags-to-look-out-for-when-getting-a-manicure-according-to-salon-owners/
8995,https://www.alkhaleej.ae/2025-08-28/%D8%B7%D8%AD%D9%86%D9%88%D9%86-%D8%A8%D9%86-%D8%B2%D8%A7%D9%8A%D8%AF-%D9%81%D9%8A-%D9%82%D8%A7%D8%A6%D9%85%D8%A9-%D8%A7%D9%84%D9%80-%D8%AA%D8%A7%D9%8A%D9%85-%D8%A7%D9%84%D8%A3%D9%83%D8%AB%D8%B1-%D8%AA%D8%A3%D8%AB%D9%8A%D8%B1%D8%A7%D9%8B-%D9%81%D9%8A-%D8%A7%D9%84%D8%B0%D9%83%D8%A7%D8%A1-%D8%A7%D9%84%D8%A7%D8%B5%D8%B7%D9%86%D8%A7%D8%B9%D9%8A-6059451/%D8%A3%D8%B3%D9%88%D8%A7%D9%82,Article `download()` failed with 403 Client Error: Forbidden for url: https://www.alkhaleej.ae/2025-08-28/%D8%B7%D8%AD%D9%86%D9%88%D9%86-%D8%A8%D9%86-%D8%B2%D8%A7%D9%8A%D8%AF-%D9%81%D9%8A-%D9%82%D8%A7%D8%A6%D9%85%D8%A9-%D8%A7%D9%84%D9%80-%D8%AA%D8%A7%D9%8A%D9%85-%D8%A7%D9%84%D8%A3%D9%83%D8%AB%D8%B1-%D8%AA%D8%A3%D8%AB%D9%8A%D8%B1%D8%A7%D9%8B-%D9%81%D9%8A-%D8%A7%D9%84%D8%B0%D9%83%D8%A7%D8%A1-%D8%A7%D9%84%D8%A7%D8%B5%D8%B7%D9%86%D8%A7%D8%B9%D9%8A-6059451/%D8%A3%D8%B3%D9%88%D8%A7%D9%82 on URL https://www.alkhaleej.ae/2025-08-28/%D8%B7%D8%AD%D9%86%D9%88%D9%86-%D8%A8%D9%86-%D8%B2%D8%A7%D9%8A%D8%AF-%D9%81%D9%8A-%D9%82%D8%A7%D8%A6%D9%85%D8%A9-%D8%A7%D9%84%D9%80-%D8%AA%D8%A7%D9%8A%D9%85-%D8%A7%D9%84%D8%A3%D9%83%D8%AB%D8%B1-%D8%AA%D8%A3%D8%AB%D9%8A%D8%B1%D8%A7%D9%8B-%D9%81%D9%8A-%D8%A7%D9%84%D8%B0%D9%83%D8%A7%D8%A1-%D8%A7%D9%84%D8%A7%D8%B5%D8%B7%D9%86%D8%A7%D8%B9%D9%8A-6059451/%D8%A3%D8%B3%D9%88%D8%A7%D9%82
1800,https://ninanews.com/Website/News/Details?Key=1248828,Article `download()` failed with 403 Client Error: Forbidden for url: https://ninanews.com/Website/News/Details?Key=1248828 on URL https://ninanews.com/Website/News/Details?Key=1248828
2518,https://www.alweeam.com.sa/1193348/2025/%d8%a7%d9%84%d8%aa%d8%ac%d8%a7%d8%b1%d8%a9-%d8%b3%d8%ac%d9%86-%d9%88%d8%ba%d8%b1%d8%a7%d9%85%d8%a9-%d9%84%d9%85%d9%88%d8%a7%d8%b7%d9%86%d9%8a%d9%86-%d9%884-%d9%85%d9%82%d9%8a%d9%85%d9%8a%d9%86-%d9%81/,Article `download()` failed with 403 Client Error: Forbidden for url: https://www.alweeam.com.sa/1193348/2025/%D8%A7%D9%84%D8%AA%D8%AC%D8%A7%D8%B1%D8%A9-%D8%B3%D8%AC%D9%86-%D9%88%D8%BA%D8%B1%D8%A7%D9%85%D8%A9-%D9%84%D9%85%D9%88%D8%A7%D8%B7%D9%86%D9%8A%D9%86-%D9%884-%D9%85%D9%82%D9%8A%D9%85%D9%8A%D9%86-%D9%81/ on URL https://www.alweeam.com.sa/1193348/2025/%d8%a7%d9%84%d8%aa%d8%ac%d8%a7%d8%b1%d8%a9-%d8%b3%d8%ac%d9%86-%d9%88%d8%ba%d8%b1%d8%a7%d9%85%d8%a9-%d9%84%d9%85%d9%88%d8%a7%d8%b7%d9%86%d9%8a%d9%86-%d9%884-%d9%85%d9%82%d9%8a%d9%85%d9%8a%d9%86-%d9%81/
5320,https://www.24.ae/914806,Article `download()` failed with 403 Client Error: Forbidden for url: https://www.24.ae/914806 on URL https://www.24.ae/914806
4460,https://www.alaraby.co.uk/news/breaking#11750499,"Article `download()` failed with HTTPSConnectionPool(host='www.alaraby.co.uk', port=443): Max retries exceeded with url: /news/breaking (Caused by SSLError(SSLCertVerificationError(1, '[SSL: CERTIFICATE_VERIFY_FAILED] certificate verify failed: unable to get local issuer certificate (_ssl.c:1000)'))) on URL https://www.alaraby.co.uk/news/breaking#11750499"
17,https://www.alwafd.news/5671976,Article `download()` failed with 403 Client Error: Forbidden for url: https://www.alwafd.news/5671976 on URL https://www.alwafd.news/5671976
17,https://www.alwafd.news/5672031,Article `download()` failed with 403 Client Error: Forbidden for url: https://www.alwafd.news/5672031 on URL https://www.alwafd.news/5672031
1914,https://akhbarelyom.com/news/newdetails/4679655/1/%D9%88%D9%84%D9%8A%D8%AF-%D8%AF%D8%B1%D9%88%D9%8A%D8%B4-%D9%8A%D8%AC%D8%AA%D9%85%D8%B9-%D8%A8%D9%84%D8%A7%D8%B9%D8%A8%D9%8A-%D9%85%D9%86%D8%AA%D8%AE%D8%A8-%D8%A7%D9%84%D9%86%D8%A7%D8%B4%D8%A6%D9%8A%D9%86-%D8%A7,Article `download()` failed with 403 Client Error: Forbidden for url: https://akhbarelyom.com/news/newdetails/4679655/1/%D9%88%D9%84%D9%8A%D8%AF-%D8%AF%D8%B1%D9%88%D9%8A%D8%B4-%D9%8A%D8%AC%D8%AA%D9%85%D8%B9-%D8%A8%D9%84%D8%A7%D8%B9%D8%A8%D9%8A-%D9%85%D9%86%D8%AA%D8%AE%D8%A8-%D8%A7%D9%84%D9%86%D8%A7%D8%B4%D8%A6%D9%8A%D9%86-%D8%A7 on URL https://akhbarelyom.com/news/newdetails/4679655/1/%D9%88%D9%84%D9%8A%D8%AF-%D8%AF%D8%B1%D9%88%D9%8A%D8%B4-%D9%8A%D8%AC%D8%AA%D9%85%D8%B9-%D8%A8%D9%84%D8%A7%D8%B9%D8%A8%D9%8A-%D9%85%D9%86%D8%AA%D8%AE%D8%A8-%D8%A7%D9%84%D9%86%D8%A7%D8%B4%D8%A6%D9%8A%D9%86-%D8%A7
4443,https://almashhad.com/article/218257510540304-sports/315139102316892-%D8%A8%D8%AB-%D9%85%D8%A8%D8%A7%D8%B4%D8%B1-%D9%84%D9%85%D8%A8%D8%A7%D8%B1%D8%A7%D8%A9-%D8%A7%D9%84%D8%B3%D8%B9%D9%88%D8%AF%D9%8A%D8%A9-%D8%B6%D8%AF-%D8%A7%D9%84%D9%8A%D9%85%D9%86-%D9%81%D9%8A-%D9%83%D8%A3%D8%B3-%D8%A7%D9%84%D8%AE%D9%84%D9%8A%D8%AC-%D9%84%D9%84%D8%B4%D8%A8%D8%A7%D8%A8-%D8%AA%D8%AD%D8%AA-20-%D8%B3%D9%86%D8%A9-%D9%85%D8%B9-%D8%A7%D9%84%D9%85%D9%88%D8%B9%D8%AF-%D9%88%D8%A7%D9%84%D8%AA%D8%B4%D9%83%D9%8A%D9%84%D8%A9/,"Article `download()` failed with HTTPSConnectionPool(host='almashhad.com', port=443): Read timed out. (read timeout=15) on URL https://almashhad.com/article/218257510540304-sports/315139102316892-%D8%A8%D8%AB-%D9%85%D8%A8%D8%A7%D8%B4%D8%B1-%D9%84%D9%85%D8%A8%D8%A7%D8%B1%D8%A7%D8%A9-%D8%A7%D9%84%D8%B3%D8%B9%D9%88%D8%AF%D9%8A%D8%A9-%D8%B6%D8%AF-%D8%A7%D9%84%D9%8A%D9%85%D9%86-%D9%81%D9%8A-%D9%83%D8%A3%D8%B3-%D8%A7%D9%84%D8%AE%D9%84%D9%8A%D8%AC-%D9%84%D9%84%D8%B4%D8%A8%D8%A7%D8%A8-%D8%AA%D8%AD%D8%AA-20-%D8%B3%D9%86%D8%A9-%D9%85%D8%B9-%D8%A7%D9%84%D9%85%D9%88%D8%B9%D8%AF-%D9%88%D8%A7%D9%84%D8%AA%D8%B4%D9%83%D9%8A%D9%84%D8%A9/"
1165,https://dnyuz.com/2025/08/28/kenya-mulls-reforms-as-bribery-culture-faces-scrutiny/,Article `download()` failed with 403 Client Error: Forbidden for url: https://dnyuz.com/2025/08/28/kenya-mulls-reforms-as-bribery-culture-faces-scrutiny/ on URL https://dnyuz.com/2025/08/28/kenya-mulls-reforms-as-bribery-culture-faces-scrutiny/
9469,https://cnnbusinessarabic.com/tags/%D8%A8%D9%84%D9%88%D9%83-%D8%AA%D8%B4%D9%8A%D9%86,Article `download()` failed with 403 Client Error: Forbidden for url: https://cnnbusinessarabic.com/tags/%D8%A8%D9%84%D9%88%D9%83-%D8%AA%D8%B4%D9%8A%D9%86 on URL https://cnnbusinessarabic.com/tags/%D8%A8%D9%84%D9%88%D9%83-%D8%AA%D8%B4%D9%8A%D9%86
519,https://www.alarabiya.net/aswaq/economy/2025/08/28/%D8%A7%D9%84%D9%85%D8%B1%D9%83%D8%B2%D9%8A-%D8%A7%D9%84%D9%8A%D8%A7%D8%A8%D8%A7%D9%86%D9%8A-%D8%AD%D8%A7%D9%84%D8%A9-%D8%B9%D8%AF%D9%85-%D8%A7%D9%84%D9%8A%D9%82%D9%8A%D9%86-%D9%85%D8%A7-%D8%B2%D8%A7%D9%84%D8%AA-%D9%85%D8%B1%D8%AA%D9%81%D8%B9%D8%A9-%D8%A8%D8%B4%D8%A7%D9%86-%D8%B3%D9%8A%D8%A7%D8%B3%D8%A7%D8%AA-%D8%A7%D9%84%D8%B1%D8%B3%D9%88%D9%85-%D8%A7%D9%84%D8%A7%D9%85%D9%8A%D8%B1%D9%83%D9%8A%D8%A9,Article `download()` failed with 403 Client Error: Forbidden for url: https://www.alarabiya.net/aswaq/economy/2025/08/28/%D8%A7%D9%84%D9%85%D8%B1%D9%83%D8%B2%D9%8A-%D8%A7%D9%84%D9%8A%D8%A7%D8%A8%D8%A7%D9%86%D9%8A-%D8%AD%D8%A7%D9%84%D8%A9-%D8%B9%D8%AF%D9%85-%D8%A7%D9%84%D9%8A%D9%82%D9%8A%D9%86-%D9%85%D8%A7-%D8%B2%D8%A7%D9%84%D8%AA-%D9%85%D8%B1%D8%AA%D9%81%D8%B9%D8%A9-%D8%A8%D8%B4%D8%A7%D9%86-%D8%B3%D9%8A%D8%A7%D8%B3%D8%A7%D8%AA-%D8%A7%D9%84%D8%B1%D8%B3%D9%88%D9%85-%D8%A7%D9%84%D8%A7%D9%85%D9%8A%D8%B1%D9%83%D9%8A%D8%A9 on URL https://www.alarabiya.net/aswaq/economy/2025/08/28/%D8%A7%D9%84%D9%85%D8%B1%D9%83%D8%B2%D9%8A-%D8%A7%D9%84%D9%8A%D8%A7%D8%A8%D8%A7%D9%86%D9%8A-%D8%AD%D8%A7%D9%84%D8%A9-%D8%B9%D8%AF%D9%85-%D8%A7%D9%84%D9%8A%D9%82%D9%8A%D9%86-%D9%85%D8%A7-%D8%B2%D8%A7%D9%84%D8%AA-%D9%85%D8%B1%D8%AA%D9%81%D8%B9%D8%A9-%D8%A8%D8%B4%D8%A7%D9%86-%D8%B3%D9%8A%D8%A7%D8%B3%D8%A7%D8%AA-%D8%A7%D9%84%D8%B1%D8%B3%D9%88%D9%85-%D8%A7%D9%84%D8%A7%D9%85%D9%8A%D8%B1%D9%83%D9%8A%D8%A9
11507,https://www.onearabia.me/business/uae-firm-joins-global-solar-partnership-egypt-220m-investment-011-120531.html?28082025175034,Article `download()` failed with 403 Client Error: Forbidden for url: https://www.onearabia.me/business/uae-firm-joins-global-solar-partnership-egypt-220m-investment-011-120531.html?28082025175034 on URL https://www.onearabia.me/business/uae-firm-joins-global-solar-partnership-egypt-220m-investment-011-120531.html?28082025175034
9457,https://cnnbusinessarabic.com/tags/%D8%A5%D9%85-%D8%A8%D9%8A-%D9%85%D8%A7%D8%AA%D8%B1%D9%8A%D8%A7%D9%84%D8%B2,Article `download()` failed with 403 Client Error: Forbidden for url: https://cnnbusinessarabic.com/tags/%D8%A5%D9%85-%D8%A8%D9%8A-%D9%85%D8%A7%D8%AA%D8%B1%D9%8A%D8%A7%D9%84%D8%B2 on URL https://cnnbusinessarabic.com/tags/%D8%A5%D9%85-%D8%A8%D9%8A-%D9%85%D8%A7%D8%AA%D8%B1%D9%8A%D8%A7%D9%84%D8%B2
17,https://www.alwafd.news/5672008,Article `download()` failed with 403 Client Error: Forbidden for url: https://www.alwafd.news/5672008 on URL https://www.alwafd.news/5672008
9492,https://almsaey.akhbarelyom.com/news/newdetails/3509762/1/%D9%85%D8%AF%D8%B1%D8%A8-%D8%A7%D9%84%D8%A5%D8%B3%D9%85%D8%A7%D8%B9%D9%8A%D9%84%D9%8A-%D8%B3%D9%86%D8%A8%D8%B0%D9%84-%D8%A3%D9%82%D8%B5%D9%89-%D9%85%D8%A7-%D9%84%D8%AF%D9%8A%D9%86%D8%A7-%D9%84%D8%A5%D8%B3%D8%B9,Article `download()` failed with 403 Client Error: Forbidden for url: https://almsaey.akhbarelyom.com/news/newdetails/3509762/1/%D9%85%D8%AF%D8%B1%D8%A8-%D8%A7%D9%84%D8%A5%D8%B3%D9%85%D8%A7%D8%B9%D9%8A%D9%84%D9%8A-%D8%B3%D9%86%D8%A8%D8%B0%D9%84-%D8%A3%D9%82%D8%B5%D9%89-%D9%85%D8%A7-%D9%84%D8%AF%D9%8A%D9%86%D8%A7-%D9%84%D8%A5%D8%B3%D8%B9 on URL https://almsaey.akhbarelyom.com/news/newdetails/3509762/1/%D9%85%D8%AF%D8%B1%D8%A8-%D8%A7%D9%84%D8%A5%D8%B3%D9%85%D8%A7%D8%B9%D9%8A%D9%84%D9%8A-%D8%B3%D9%86%D8%A8%D8%B0%D9%84-%D8%A3%D9%82%D8%B5%D9%89-%D9%85%D8%A7-%D9%84%D8%AF%D9%8A%D9%86%D8%A7-%D9%84%D8%A5%D8%B3%D8%B9
3159,https://www.sawtbeirut.com/lebanon-news/%D9%85%D8%B0%D9%83%D8%B1%D8%A9-%D9%85%D9%86-%D9%88%D8%B2%D9%8A%D8%B1-%D8%A7%D9%84%D8%B9%D9%85%D9%84-%D8%A8%D8%B4%D8%A3%D9%86-%D8%A7%D8%B3%D8%AA%D9%82%D8%AF%D8%A7%D9%85-%D8%A7%D9%84%D8%B9%D8%A7%D9%85/,Article `download()` failed with 403 Client Error: Forbidden for url: https://www.sawtbeirut.com/lebanon-news/%D9%85%D8%B0%D9%83%D8%B1%D8%A9-%D9%85%D9%86-%D9%88%D8%B2%D9%8A%D8%B1-%D8%A7%D9%84%D8%B9%D9%85%D9%84-%D8%A8%D8%B4%D8%A3%D9%86-%D8%A7%D8%B3%D8%AA%D9%82%D8%AF%D8%A7%D9%85-%D8%A7%D9%84%D8%B9%D8%A7%D9%85/ on URL https://www.sawtbeirut.com/lebanon-news/%D9%85%D8%B0%D9%83%D8%B1%D8%A9-%D9%85%D9%86-%D9%88%D8%B2%D9%8A%D8%B1-%D8%A7%D9%84%D8%B9%D9%85%D9%84-%D8%A8%D8%B4%D8%A3%D9%86-%D8%A7%D8%B3%D8%AA%D9%82%D8%AF%D8%A7%D9%85-%D8%A7%D9%84%D8%B9%D8%A7%D9%85/
7274,https://www.reuters.com/business/energy/russia-says-it-put-out-fire-large-oil-refinery-after-latest-ukrainian-drone-2025-08-28/,Article `download()` failed with 401 Client Error: HTTP Forbidden for url: https://www.reuters.com/business/energy/russia-says-it-put-out-fire-large-oil-refinery-after-latest-ukrainian-drone-2025-08-28/ on URL https://www.reuters.com/business/energy/russia-says-it-put-out-fire-large-oil-refinery-after-latest-ukrainian-drone-2025-08-28/
8998,https://www.alkhaleej.ae/2025-08-28/%D8%B3%D9%88%D9%82-%D8%AF%D8%A8%D9%8A-%D8%A7%D9%84%D9%85%D8%A7%D9%84%D9%8A-%D9%8A%D8%AD%D8%AF%D8%AF-%D8%B9%D8%B7%D9%84%D8%A9-%D8%A7%D9%84%D9%85%D9%88%D9%84%D8%AF-%D8%A7%D9%84%D9%86%D8%A8%D9%88%D9%8A-%D8%A7%D9%84%D8%B4%D8%B1%D9%8A%D9%81-6059226/%D8%A3%D8%B3%D9%88%D8%A7%D9%82-%D8%A7%D9%84%D8%A5%D9%85%D8%A7%D8%B1%D8%A7%D8%AA/%D8%A7%D9%82%D8%AA%D8%B5%D8%A7%D8%AF,Article `download()` failed with 403 Client Error: Forbidden for url: https://www.alkhaleej.ae/2025-08-28/%D8%B3%D9%88%D9%82-%D8%AF%D8%A8%D9%8A-%D8%A7%D9%84%D9%85%D8%A7%D9%84%D9%8A-%D9%8A%D8%AD%D8%AF%D8%AF-%D8%B9%D8%B7%D9%84%D8%A9-%D8%A7%D9%84%D9%85%D9%88%D9%84%D8%AF-%D8%A7%D9%84%D9%86%D8%A8%D9%88%D9%8A-%D8%A7%D9%84%D8%B4%D8%B1%D9%8A%D9%81-6059226/%D8%A3%D8%B3%D9%88%D8%A7%D9%82-%D8%A7%D9%84%D8%A5%D9%85%D8%A7%D8%B1%D8%A7%D8%AA/%D8%A7%D9%82%D8%AA%D8%B5%D8%A7%D8%AF on URL https://www.alkhaleej.ae/2025-08-28/%D8%B3%D9%88%D9%82-%D8%AF%D8%A8%D9%8A-%D8%A7%D9%84%D9%85%D8%A7%D9%84%D9%8A-%D9%8A%D8%AD%D8%AF%D8%AF-%D8%B9%D8%B7%D9%84%D8%A9-%D8%A7%D9%84%D9%85%D9%88%D9%84%D8%AF-%D8%A7%D9%84%D9%86%D8%A8%D9%88%D9%8A-%D8%A7%D9%84%D8%B4%D8%B1%D9%8A%D9%81-6059226/%D8%A3%D8%B3%D9%88%D8%A7%D9%82-%D8%A7%D9%84%D8%A5%D9%85%D8%A7%D8%B1%D8%A7%D8%AA/%D8%A7%D9%82%D8%AA%D8%B5%D8%A7%D8%AF
9514,https://almsaey.akhbarelyom.com/news/newdetails/3509879/1/%D9%81%D9%8A%D8%B1%D9%8A%D8%B1%D8%A7-%D8%AA%D9%88%D9%82%D8%B9%D8%AA-%D8%B7%D8%B1%D9%8A%D9%82%D8%A9-%D9%84%D8%B9%D8%A8-%D9%81%D8%A7%D8%B1%D9%83%D9%88-%D9%88%D9%86%D8%B3%D8%AA%D8%AD%D9%82-%D8%A7%D9%84%D9%81%D9%88,Article `download()` failed with 403 Client Error: Forbidden for url: https://almsaey.akhbarelyom.com/news/newdetails/3509879/1/%D9%81%D9%8A%D8%B1%D9%8A%D8%B1%D8%A7-%D8%AA%D9%88%D9%82%D8%B9%D8%AA-%D8%B7%D8%B1%D9%8A%D9%82%D8%A9-%D9%84%D8%B9%D8%A8-%D9%81%D8%A7%D8%B1%D9%83%D9%88-%D9%88%D9%86%D8%B3%D8%AA%D8%AD%D9%82-%D8%A7%D9%84%D9%81%D9%88 on URL https://almsaey.akhbarelyom.com/news/newdetails/3509879/1/%D9%81%D9%8A%D8%B1%D9%8A%D8%B1%D8%A7-%D8%AA%D9%88%D9%82%D8%B9%D8%AA-%D8%B7%D8%B1%D9%8A%D9%82%D8%A9-%D9%84%D8%B9%D8%A8-%D9%81%D8%A7%D8%B1%D9%83%D9%88-%D9%88%D9%86%D8%B3%D8%AA%D8%AD%D9%82-%D8%A7%D9%84%D9%81%D9%88
2974,https://www.al-madina.com/article/948910/%D9%85%D8%AD%D9%84%D9%8A%D8%A7%D8%AA/%D8%AA%D9%86%D9%81%D9%8A%D8%B0-%D9%81%D8%B1%D8%B6%D9%8A%D8%A9-%D8%A7%D9%86%D9%87%D9%8A%D8%A7%D8%B1-%D8%AC%D8%B3%D8%B1-%D9%81%D9%8A-%D8%A7%D9%84%D8%A3%D8%AD%D8%B3%D8%A7%D8%A1-%D9%84%D8%B1%D9%81%D8%B9-%D9%85%D8%B3%D8%AA%D9%88%D9%89-%D8%A7%D9%84%D8%AC%D8%A7%D9%87%D8%B2%D9%8A%D8%A9-%D9%84%D9%84%D8%B7%D9%88%D8%A7%D8%B1%D8%A6-%D9%88%D8%A7%D9%84%D8%A3%D8%B2%D9%85%D8%A7%D8%AA,Article `download()` failed with 403 Client Error: Forbidden for url: https://www.al-madina.com/article/948910/%D9%85%D8%AD%D9%84%D9%8A%D8%A7%D8%AA/%D8%AA%D9%86%D9%81%D9%8A%D8%B0-%D9%81%D8%B1%D8%B6%D9%8A%D8%A9-%D8%A7%D9%86%D9%87%D9%8A%D8%A7%D8%B1-%D8%AC%D8%B3%D8%B1-%D9%81%D9%8A-%D8%A7%D9%84%D8%A3%D8%AD%D8%B3%D8%A7%D8%A1-%D9%84%D8%B1%D9%81%D8%B9-%D9%85%D8%B3%D8%AA%D9%88%D9%89-%D8%A7%D9%84%D8%AC%D8%A7%D9%87%D8%B2%D9%8A%D8%A9-%D9%84%D9%84%D8%B7%D9%88%D8%A7%D8%B1%D8%A6-%D9%88%D8%A7%D9%84%D8%A3%D8%B2%D9%85%D8%A7%D8%AA on URL https://www.al-madina.com/article/948910/%D9%85%D8%AD%D9%84%D9%8A%D8%A7%D8%AA/%D8%AA%D9%86%D9%81%D9%8A%D8%B0-%D9%81%D8%B1%D8%B6%D9%8A%D8%A9-%D8%A7%D9%86%D9%87%D9%8A%D8%A7%D8%B1-%D8%AC%D8%B3%D8%B1-%D9%81%D9%8A-%D8%A7%D9%84%D8%A3%D8%AD%D8%B3%D8%A7%D8%A1-%D9%84%D8%B1%D9%81%D8%B9-%D9%85%D8%B3%D8%AA%D9%88%D9%89-%D8%A7%D9%84%D8%AC%D8%A7%D9%87%D8%B2%D9%8A%D8%A9-%D9%84%D9%84%D8%B7%D9%88%D8%A7%D8%B1%D8%A6-%D9%88%D8%A7%D9%84%D8%A3%D8%B2%D9%85%D8%A7%D8%AA
5137,https://ca.investing.com/news/company-news/atlanticus-holdings-stock-hits-52week-high-at-676-usd-93CH-4180587,Article `download()` failed with 403 Client Error: Forbidden for url: https://ca.investing.com/news/company-news/atlanticus-holdings-stock-hits-52week-high-at-676-usd-93CH-4180587 on URL https://ca.investing.com/news/company-news/atlanticus-holdings-stock-hits-52week-high-at-676-usd-93CH-4180587
9507,https://almsaey.akhbarelyom.com/news/newdetails/3509994/1/-%D8%A2%D9%84%D9%8A%D8%A7%D8%AA-%D8%A7%D9%84%D8%AA%D8%AD%D9%82%D9%8A%D9%82-%D9%88%D8%A7%D9%84%D8%AA%D8%B5%D8%B1%D9%81-%D8%AA%D8%B7%D8%A8%D9%8A%D9%82%D8%A7%D8%AA-%D8%B9%D9%85%D9%84%D9%8A%D8%A9--%D9%88%D8%B1,Article `download()` failed with 403 Client Error: Forbidden for url: https://almsaey.akhbarelyom.com/news/newdetails/3509994/1/-%D8%A2%D9%84%D9%8A%D8%A7%D8%AA-%D8%A7%D9%84%D8%AA%D8%AD%D9%82%D9%8A%D9%82-%D9%88%D8%A7%D9%84%D8%AA%D8%B5%D8%B1%D9%81-%D8%AA%D8%B7%D8%A8%D9%8A%D9%82%D8%A7%D8%AA-%D8%B9%D9%85%D9%84%D9%8A%D8%A9--%D9%88%D8%B1 on URL https://almsaey.akhbarelyom.com/news/newdetails/3509994/1/-%D8%A2%D9%84%D9%8A%D8%A7%D8%AA-%D8%A7%D9%84%D8%AA%D8%AD%D9%82%D9%8A%D9%82-%D9%88%D8%A7%D9%84%D8%AA%D8%B5%D8%B1%D9%81-%D8%AA%D8%B7%D8%A8%D9%8A%D9%82%D8%A7%D8%AA-%D8%B9%D9%85%D9%84%D9%8A%D8%A9--%D9%88%D8%B1
8325,https://www.alriyadh.com/2147962,"Article `download()` failed with HTTPSConnectionPool(host='www.alriyadh.com', port=443): Max retries exceeded with url: /2147962 (Caused by SSLError(SSLCertVerificationError(1, '[SSL: CERTIFICATE_VERIFY_FAILED] certificate verify failed: unable to get local issuer certificate (_ssl.c:1000)'))) on URL https://www.alriyadh.com/2147962"
8980,https://www.alkhaleej.ae/2025-08-28/%D8%A7%D9%84%D9%81%D8%A7%D8%B1%D8%B3-%D8%A7%D9%84%D8%B4%D9%87%D9%85-3-%D8%AA%D8%AF%D8%B9%D9%85-40-%D8%A3%D9%84%D9%81-%D8%B4%D8%AE%D8%B5-%D9%81%D9%8A-%D8%BA%D8%B2%D8%A9-%D8%A8%D8%A7%D9%84%D8%A3%D8%BA%D8%B0%D9%8A%D8%A9-6058521/%D8%A3%D8%AE%D8%A8%D8%A7%D8%B1-%D9%85%D9%86-%D8%A7%D9%84%D8%A5%D9%85%D8%A7%D8%B1%D8%A7%D8%AA/%D8%A3%D8%AE%D8%A8%D8%A7%D8%B1-%D8%A7%D9%84%D8%AF%D8%A7%D8%B1,Article `download()` failed with 403 Client Error: Forbidden for url: https://www.alkhaleej.ae/2025-08-28/%D8%A7%D9%84%D9%81%D8%A7%D8%B1%D8%B3-%D8%A7%D9%84%D8%B4%D9%87%D9%85-3-%D8%AA%D8%AF%D8%B9%D9%85-40-%D8%A3%D9%84%D9%81-%D8%B4%D8%AE%D8%B5-%D9%81%D9%8A-%D8%BA%D8%B2%D8%A9-%D8%A8%D8%A7%D9%84%D8%A3%D8%BA%D8%B0%D9%8A%D8%A9-6058521/%D8%A3%D8%AE%D8%A8%D8%A7%D8%B1-%D9%85%D9%86-%D8%A7%D9%84%D8%A5%D9%85%D8%A7%D8%B1%D8%A7%D8%AA/%D8%A3%D8%AE%D8%A8%D8%A7%D8%B1-%D8%A7%D9%84%D8%AF%D8%A7%D8%B1 on URL https://www.alkhaleej.ae/2025-08-28/%D8%A7%D9%84%D9%81%D8%A7%D8%B1%D8%B3-%D8%A7%D9%84%D8%B4%D9%87%D9%85-3-%D8%AA%D8%AF%D8%B9%D9%85-40-%D8%A3%D9%84%D9%81-%D8%B4%D8%AE%D8%B5-%D9%81%D9%8A-%D8%BA%D8%B2%D8%A9-%D8%A8%D8%A7%D9%84%D8%A3%D8%BA%D8%B0%D9%8A%D8%A9-6058521/%D8%A3%D8%AE%D8%A8%D8%A7%D8%B1-%D9%85%D9%86-%D8%A7%D9%84%D8%A5%D9%85%D8%A7%D8%B1%D8%A7%D8%AA/%D8%A3%D8%AE%D8%A8%D8%A7%D8%B1-%D8%A7%D9%84%D8%AF%D8%A7%D8%B1
4182,https://newsfall.news/Home/ViewNews/10836490,"Article `download()` failed with HTTPSConnectionPool(host='newsfall.news', port=443): Max retries exceeded with url: /Home/ViewNews/10836490 (Caused by NameResolutionError(""<urllib3.connection.HTTPSConnection object at 0x7ba47c760dd0>: Failed to resolve 'newsfall.news' ([Errno -3] Temporary failure in name resolution)"")) on URL https://newsfall.news/Home/ViewNews/10836490"
6919,https://www.mobtada.com/sports/1537924/%D8%AF%D8%BA%D9%85%D9%88%D9%85-%D9%88%D8%B2%D9%8A%D8%B2%D9%88-%D9%8A%D8%AA%D8%B5%D8%AF%D8%B1%D8%A7%D9%86-%D9%82%D8%A7%D8%A6%D9%85%D8%A9-%D8%A7%D9%84%D8%A3%D9%83%D8%AB%D8%B1-%D8%AA%D8%A3%D8%AB%D9%8A%D8%B1%D8%A7-%D8%A8%D8%A7%D9%84%D8%AF%D9%88%D8%B1%D9%8A-%D8%A7%D9%84%D9%85%D8%B5%D8%B1%D9%8A-%D8%A8%D8%B9%D8%AF-4-%D8%AC%D9%88%D9%84%D8%A7%D8%AA,Article `download()` failed with 403 Client Error: Forbidden for url: https://www.mobtada.com/sports/1537924/%D8%AF%D8%BA%D9%85%D9%88%D9%85-%D9%88%D8%B2%D9%8A%D8%B2%D9%88-%D9%8A%D8%AA%D8%B5%D8%AF%D8%B1%D8%A7%D9%86-%D9%82%D8%A7%D8%A6%D9%85%D8%A9-%D8%A7%D9%84%D8%A3%D9%83%D8%AB%D8%B1-%D8%AA%D8%A3%D8%AB%D9%8A%D8%B1%D8%A7-%D8%A8%D8%A7%D9%84%D8%AF%D9%88%D8%B1%D9%8A-%D8%A7%D9%84%D9%85%D8%B5%D8%B1%D9%8A-%D8%A8%D8%B9%D8%AF-4-%D8%AC%D9%88%D9%84%D8%A7%D8%AA on URL https://www.mobtada.com/sports/1537924/%D8%AF%D8%BA%D9%85%D9%88%D9%85-%D9%88%D8%B2%D9%8A%D8%B2%D9%88-%D9%8A%D8%AA%D8%B5%D8%AF%D8%B1%D8%A7%D9%86-%D9%82%D8%A7%D8%A6%D9%85%D8%A9-%D8%A7%D9%84%D8%A3%D9%83%D8%AB%D8%B1-%D8%AA%D8%A3%D8%AB%D9%8A%D8%B1%D8%A7-%D8%A8%D8%A7%D9%84%D8%AF%D9%88%D8%B1%D9%8A-%D8%A7%D9%84%D9%85%D8%B5%D8%B1%D9%8A-%D8%A8%D8%B9%D8%AF-4-%D8%AC%D9%88%D9%84%D8%A7%D8%AA
6917,https://www.mobtada.com/egypt/1537861/%D8%B1%D8%A6%D9%8A%D8%B3-%D8%A7%D9%84%D8%A3%D8%B1%D9%83%D8%A7%D9%86-%D9%8A%D8%AA%D9%81%D9%82%D8%AF-%D8%A7%D8%B3%D8%AA%D8%B9%D8%AF%D8%A7%D8%AF%D8%A7%D8%AA-%D8%A7%D8%B3%D8%AA%D8%B6%D8%A7%D9%81%D8%A9-%D8%A7%D9%84%D8%AA%D8%AF%D8%B1%D9%8A%D8%A8-%D8%A7%D9%84%D9%85%D8%B5%D8%B1%D9%8A-%D8%A7%D9%84%D8%A3%D9%85%D8%B1%D9%8A%D9%83%D9%8A-%D8%A7%D9%84%D9%86%D8%AC%D9%85-%D8%A7%D9%84%D8%B3%D8%A7%D8%B7%D8%B9,Article `download()` failed with 403 Client Error: Forbidden for url: https://www.mobtada.com/egypt/1537861/%D8%B1%D8%A6%D9%8A%D8%B3-%D8%A7%D9%84%D8%A3%D8%B1%D9%83%D8%A7%D9%86-%D9%8A%D8%AA%D9%81%D9%82%D8%AF-%D8%A7%D8%B3%D8%AA%D8%B9%D8%AF%D8%A7%D8%AF%D8%A7%D8%AA-%D8%A7%D8%B3%D8%AA%D8%B6%D8%A7%D9%81%D8%A9-%D8%A7%D9%84%D8%AA%D8%AF%D8%B1%D9%8A%D8%A8-%D8%A7%D9%84%D9%85%D8%B5%D8%B1%D9%8A-%D8%A7%D9%84%D8%A3%D9%85%D8%B1%D9%8A%D9%83%D9%8A-%D8%A7%D9%84%D9%86%D8%AC%D9%85-%D8%A7%D9%84%D8%B3%D8%A7%D8%B7%D8%B9 on URL https://www.mobtada.com/egypt/1537861/%D8%B1%D8%A6%D9%8A%D8%B3-%D8%A7%D9%84%D8%A3%D8%B1%D9%83%D8%A7%D9%86-%D9%8A%D8%AA%D9%81%D9%82%D8%AF-%D8%A7%D8%B3%D8%AA%D8%B9%D8%AF%D8%A7%D8%AF%D8%A7%D8%AA-%D8%A7%D8%B3%D8%AA%D8%B6%D8%A7%D9%81%D8%A9-%D8%A7%D9%84%D8%AA%D8%AF%D8%B1%D9%8A%D8%A8-%D8%A7%D9%84%D9%85%D8%B5%D8%B1%D9%8A-%D8%A7%D9%84%D8%A3%D9%85%D8%B1%D9%8A%D9%83%D9%8A-%D8%A7%D9%84%D9%86%D8%AC%D9%85-%D8%A7%D9%84%D8%B3%D8%A7%D8%B7%D8%B9
4183,https://newsfall.news/Home/ViewNews/10836207,"Article `download()` failed with HTTPSConnectionPool(host='newsfall.news', port=443): Max retries exceeded with url: /Home/ViewNews/10836207 (Caused by NameResolutionError(""<urllib3.connection.HTTPSConnection object at 0x7ba3d808c1d0>: Failed to resolve 'newsfall.news' ([Errno -3] Temporary failure in name resolution)"")) on URL https://newsfall.news/Home/ViewNews/10836207"
4312,https://www.albiladpress.com/news/2025/6162/arab-and-world/934918.html,Article `download()` failed with 403 Client Error: Forbidden for url: https://www.albiladpress.com/news/2025/6162/arab-and-world/934918.html on URL https://www.albiladpress.com/news/2025/6162/arab-and-world/934918.html
1804,https://ninanews.com/Website/News/Details?Key=1248812,Article `download()` failed with 403 Client Error: Forbidden for url: https://ninanews.com/Website/News/Details?Key=1248812 on URL https://ninanews.com/Website/News/Details?Key=1248812
7832,https://www.alghad.tv/%D8%A3%D8%AE%D8%A8%D8%A7%D8%B1-%D8%A7%D9%84%D8%BA%D8%AF/news/%D9%85%D8%B1%D9%83%D8%B2-%D8%AD%D9%82%D9%88%D9%82%D9%8A-%D9%81%D9%84%D8%B3%D8%B7%D9%8A%D9%86%D9%8A-%D9%8A%D8%B1%D8%AF-%D8%B9%D9%84%D9%89-%D9%85%D8%B2%D8%A7%D8%B9%D9%85-%D8%A7%D9%84%D8%A7%D8%AD%D8%AA%D9%84%D8%A7%D9%84-%D8%A8%D8%B4%D8%A3%D9%86-%D8%A5%D8%AE%D9%84%D8%A7%D8%A1-%D9%85%D8%AF%D9%8A%D9%86%D8%A9-%D8%BA%D8%B2%D8%A9,Article `download()` failed with 403 Client Error: Forbidden for url: https://www.alghad.tv/%D8%A3%D8%AE%D8%A8%D8%A7%D8%B1-%D8%A7%D9%84%D8%BA%D8%AF/news/%D9%85%D8%B1%D9%83%D8%B2-%D8%AD%D9%82%D9%88%D9%82%D9%8A-%D9%81%D9%84%D8%B3%D8%B7%D9%8A%D9%86%D9%8A-%D9%8A%D8%B1%D8%AF-%D8%B9%D9%84%D9%89-%D9%85%D8%B2%D8%A7%D8%B9%D9%85-%D8%A7%D9%84%D8%A7%D8%AD%D8%AA%D9%84%D8%A7%D9%84-%D8%A8%D8%B4%D8%A3%D9%86-%D8%A5%D8%AE%D9%84%D8%A7%D8%A1-%D9%85%D8%AF%D9%8A%D9%86%D8%A9-%D8%BA%D8%B2%D8%A9 on URL https://www.alghad.tv/%D8%A3%D8%AE%D8%A8%D8%A7%D8%B1-%D8%A7%D9%84%D8%BA%D8%AF/news/%D9%85%D8%B1%D9%83%D8%B2-%D8%AD%D9%82%D9%88%D9%82%D9%8A-%D9%81%D9%84%D8%B3%D8%B7%D9%8A%D9%86%D9%8A-%D9%8A%D8%B1%D8%AF-%D8%B9%D9%84%D9%89-%D9%85%D8%B2%D8%A7%D8%B9%D9%85-%D8%A7%D9%84%D8%A7%D8%AD%D8%AA%D9%84%D8%A7%D9%84-%D8%A8%D8%B4%D8%A3%D9%86-%D8%A5%D8%AE%D9%84%D8%A7%D8%A1-%D9%85%D8%AF%D9%8A%D9%86%D8%A9-%D8%BA%D8%B2%D8%A9
7053,https://www.alarabiya.net/arab-and-world/american-elections-2016/2025/08/28/%D8%A7%D9%84%D8%B2%D8%A7%D9%85-%D8%B4%D8%B1%D8%B7%D8%A9-%D9%84%D9%88%D8%B3-%D8%A7%D9%86%D8%AC%D9%84%D9%8A%D8%B3-%D8%A8%D8%AF%D9%81%D8%B9-2%D8%B12-%D9%85%D9%84%D9%8A%D9%88%D9%86-%D8%AF%D9%88%D9%84%D8%A7%D8%B1-%D9%84%D9%85%D8%AA%D8%B8%D8%A7%D9%87%D8%B1-%D8%A7-%D8%B5%D9%8A%D8%A8-%D8%A8%D8%A7%D8%AD%D8%AA%D8%AC%D8%A7%D8%AC%D8%A7%D8%AA,Article `download()` failed with 403 Client Error: Forbidden for url: https://www.alarabiya.net/arab-and-world/american-elections-2016/2025/08/28/%D8%A7%D9%84%D8%B2%D8%A7%D9%85-%D8%B4%D8%B1%D8%B7%D8%A9-%D9%84%D9%88%D8%B3-%D8%A7%D9%86%D8%AC%D9%84%D9%8A%D8%B3-%D8%A8%D8%AF%D9%81%D8%B9-2%D8%B12-%D9%85%D9%84%D9%8A%D9%88%D9%86-%D8%AF%D9%88%D9%84%D8%A7%D8%B1-%D9%84%D9%85%D8%AA%D8%B8%D8%A7%D9%87%D8%B1-%D8%A7-%D8%B5%D9%8A%D8%A8-%D8%A8%D8%A7%D8%AD%D8%AA%D8%AC%D8%A7%D8%AC%D8%A7%D8%AA on URL https://www.alarabiya.net/arab-and-world/american-elections-2016/2025/08/28/%D8%A7%D9%84%D8%B2%D8%A7%D9%85-%D8%B4%D8%B1%D8%B7%D8%A9-%D9%84%D9%88%D8%B3-%D8%A7%D9%86%D8%AC%D9%84%D9%8A%D8%B3-%D8%A8%D8%AF%D9%81%D8%B9-2%D8%B12-%D9%85%D9%84%D9%8A%D9%88%D9%86-%D8%AF%D9%88%D9%84%D8%A7%D8%B1-%D9%84%D9%85%D8%AA%D8%B8%D8%A7%D9%87%D8%B1-%D8%A7-%D8%B5%D9%8A%D8%A8-%D8%A8%D8%A7%D8%AD%D8%AA%D8%AC%D8%A7%D8%AC%D8%A7%D8%AA
4460,https://www.alaraby.co.uk/news/breaking#11750657,"Article `download()` failed with HTTPSConnectionPool(host='www.alaraby.co.uk', port=443): Max retries exceeded with url: /news/breaking (Caused by SSLError(SSLCertVerificationError(1, '[SSL: CERTIFICATE_VERIFY_FAILED] certificate verify failed: unable to get local issuer certificate (_ssl.c:1000)'))) on URL https://www.alaraby.co.uk/news/breaking#11750657"
5316,https://www.24.ae/914961,Article `download()` failed with 403 Client Error: Forbidden for url: https://www.24.ae/914961 on URL https://www.24.ae/914961
2979,https://www.al-madina.com/article/948670/%D8%A7%D9%82%D8%AA%D8%B5%D8%A7%D8%AF/%D8%AA%D9%85%D9%88%D9%8A%D9%84-94-%D9%85%D9%86%D8%B4%D8%A3%D8%A9-%D8%B5%D8%BA%D9%8A%D8%B1%D8%A9-%D9%81%D9%8A-%D9%82%D8%B7%D8%A7%D8%B9-%D8%A7%D9%84%D8%AA%D8%B1%D9%81%D9%8A%D9%87,Article `download()` failed with 403 Client Error: Forbidden for url: https://www.al-madina.com/article/948670/%D8%A7%D9%82%D8%AA%D8%B5%D8%A7%D8%AF/%D8%AA%D9%85%D9%88%D9%8A%D9%84-94-%D9%85%D9%86%D8%B4%D8%A3%D8%A9-%D8%B5%D8%BA%D9%8A%D8%B1%D8%A9-%D9%81%D9%8A-%D9%82%D8%B7%D8%A7%D8%B9-%D8%A7%D9%84%D8%AA%D8%B1%D9%81%D9%8A%D9%87 on URL https://www.al-madina.com/article/948670/%D8%A7%D9%82%D8%AA%D8%B5%D8%A7%D8%AF/%D8%AA%D9%85%D9%88%D9%8A%D9%84-94-%D9%85%D9%86%D8%B4%D8%A3%D8%A9-%D8%B5%D8%BA%D9%8A%D8%B1%D8%A9-%D9%81%D9%8A-%D9%82%D8%B7%D8%A7%D8%B9-%D8%A7%D9%84%D8%AA%D8%B1%D9%81%D9%8A%D9%87
5137,https://ca.investing.com/news/company-news/quorum-q2-2025-slides-reveal-improved-profitability-amid-debt-reduction-strategy-93CH-4180080,Article `download()` failed with 403 Client Error: Forbidden for url: https://ca.investing.com/news/company-news/quorum-q2-2025-slides-reveal-improved-profitability-amid-debt-reduction-strategy-93CH-4180080 on URL https://ca.investing.com/news/company-news/quorum-q2-2025-slides-reveal-improved-profitability-amid-debt-reduction-strategy-93CH-4180080
7073,https://www.alarabiya.net/aswaq/travel-and-tourism/2025/08/28/%D8%A8%D9%88%D9%8A%D9%86%D8%BA-%D8%AA%D8%B3%D8%B9%D9%89-%D9%84%D9%85%D9%88%D8%A7%D9%81%D9%82%D8%A9-%D8%A7%D9%84%D8%A7%D8%AA%D8%AD%D8%A7%D8%AF-%D8%A7%D9%84%D8%A7%D9%88%D8%B1%D9%88%D8%A8%D9%8A-%D8%B9%D9%84%D9%89-%D8%B5%D9%81%D9%82%D8%A9-%D8%B3%D8%A8%D9%8A%D8%B1%D9%8A%D8%AA,Article `download()` failed with 403 Client Error: Forbidden for url: https://www.alarabiya.net/aswaq/travel-and-tourism/2025/08/28/%D8%A8%D9%88%D9%8A%D9%86%D8%BA-%D8%AA%D8%B3%D8%B9%D9%89-%D9%84%D9%85%D9%88%D8%A7%D9%81%D9%82%D8%A9-%D8%A7%D9%84%D8%A7%D8%AA%D8%AD%D8%A7%D8%AF-%D8%A7%D9%84%D8%A7%D9%88%D8%B1%D9%88%D8%A8%D9%8A-%D8%B9%D9%84%D9%89-%D8%B5%D9%81%D9%82%D8%A9-%D8%B3%D8%A8%D9%8A%D8%B1%D9%8A%D8%AA on URL https://www.alarabiya.net/aswaq/travel-and-tourism/2025/08/28/%D8%A8%D9%88%D9%8A%D9%86%D8%BA-%D8%AA%D8%B3%D8%B9%D9%89-%D9%84%D9%85%D9%88%D8%A7%D9%81%D9%82%D8%A9-%D8%A7%D9%84%D8%A7%D8%AA%D8%AD%D8%A7%D8%AF-%D8%A7%D9%84%D8%A7%D9%88%D8%B1%D9%88%D8%A8%D9%8A-%D8%B9%D9%84%D9%89-%D8%B5%D9%81%D9%82%D8%A9-%D8%B3%D8%A8%D9%8A%D8%B1%D9%8A%D8%AA
5583,https://www.ammonnews.net/article/944659,Article `download()` failed with 403 Client Error: Forbidden for url: https://www.ammonnews.net/article/944659 on URL https://www.ammonnews.net/article/944659
9493,https://almsaey.akhbarelyom.com/news/newdetails/3509961/1/%D8%B1%D8%A6%D9%8A%D8%B3-%D8%A7%D9%84%D9%88%D8%B2%D8%B1%D8%A7%D8%A1-%D9%8A%D8%AC%D8%AA%D9%85%D8%B9-%D8%A8%D8%B1%D8%A6%D9%8A%D8%B3-%D9%87%D9%8A%D8%A6%D8%A9-%D8%A7%D9%84%D8%B1%D9%82%D8%A7%D8%A8%D8%A9-%D8%A7%D9%84,Article `download()` failed with 403 Client Error: Forbidden for url: https://almsaey.akhbarelyom.com/news/newdetails/3509961/1/%D8%B1%D8%A6%D9%8A%D8%B3-%D8%A7%D9%84%D9%88%D8%B2%D8%B1%D8%A7%D8%A1-%D9%8A%D8%AC%D8%AA%D9%85%D8%B9-%D8%A8%D8%B1%D8%A6%D9%8A%D8%B3-%D9%87%D9%8A%D8%A6%D8%A9-%D8%A7%D9%84%D8%B1%D9%82%D8%A7%D8%A8%D8%A9-%D8%A7%D9%84 on URL https://almsaey.akhbarelyom.com/news/newdetails/3509961/1/%D8%B1%D8%A6%D9%8A%D8%B3-%D8%A7%D9%84%D9%88%D8%B2%D8%B1%D8%A7%D8%A1-%D9%8A%D8%AC%D8%AA%D9%85%D8%B9-%D8%A8%D8%B1%D8%A6%D9%8A%D8%B3-%D9%87%D9%8A%D8%A6%D8%A9-%D8%A7%D9%84%D8%B1%D9%82%D8%A7%D8%A8%D8%A9-%D8%A7%D9%84
19,http://alamrakamy.com/story/374230/official-says-alligator-alcatraz-could-be-empty-within-days.html,Article `download()` failed with 404 Client Error: Not Found for url: http://alamrakamy.com/story/374230/official-says-alligator-alcatraz-could-be-empty-within-days.html on URL http://alamrakamy.com/story/374230/official-says-alligator-alcatraz-could-be-empty-within-days.html
6878,http://english.mubasher.info/news/4490543/-Companies-suspended-from-trading,Article `download()` failed with 410 Client Error: Gone for url: https://english.mubasher.info/news/4490543/-Companies-suspended-from-trading on URL http://english.mubasher.info/news/4490543/-Companies-suspended-from-trading
5581,https://www.ammonnews.net/article/944612,Article `download()` failed with 403 Client Error: Forbidden for url: https://www.ammonnews.net/article/944612 on URL https://www.ammonnews.net/article/944612
88,https://www.elfagr.org/5210600,Article `download()` failed with 403 Client Error: Forbidden for url: https://www.elfagrlive.com/ on URL https://www.elfagr.org/5210600
17,https://www.alwafd.news/5671887,Article `download()` failed with 403 Client Error: Forbidden for url: https://www.alwafd.news/5671887 on URL https://www.alwafd.news/5671887
1915,https://akhbarelyom.com/news/newdetails/4679365/1/%D8%B5%D8%B1%D8%A7%D8%B9-%D8%B9%D9%84%D9%89-%D8%AA%D8%AD%D9%85%D9%8A%D9%84-%D8%A7%D9%84%D8%B1%D9%83%D8%A7%D8%A8-%D8%B6%D8%A8%D8%B7-%D8%B3%D8%A7%D8%A6%D9%82%D9%8A%D9%86-%D8%B9%D8%B1%D9%91%D8%B6%D8%A7-%D8%AD,Article `download()` failed with 403 Client Error: Forbidden for url: https://akhbarelyom.com/news/newdetails/4679365/1/%D8%B5%D8%B1%D8%A7%D8%B9-%D8%B9%D9%84%D9%89-%D8%AA%D8%AD%D9%85%D9%8A%D9%84-%D8%A7%D9%84%D8%B1%D9%83%D8%A7%D8%A8-%D8%B6%D8%A8%D8%B7-%D8%B3%D8%A7%D8%A6%D9%82%D9%8A%D9%86-%D8%B9%D8%B1%D9%91%D8%B6%D8%A7-%D8%AD on URL https://akhbarelyom.com/news/newdetails/4679365/1/%D8%B5%D8%B1%D8%A7%D8%B9-%D8%B9%D9%84%D9%89-%D8%AA%D8%AD%D9%85%D9%8A%D9%84-%D8%A7%D9%84%D8%B1%D9%83%D8%A7%D8%A8-%D8%B6%D8%A8%D8%B7-%D8%B3%D8%A7%D8%A6%D9%82%D9%8A%D9%86-%D8%B9%D8%B1%D9%91%D8%B6%D8%A7-%D8%AD
8986,https://www.alkhaleej.ae/2025-08-27/%D8%A5%D8%B3%D8%B1%D8%A7%D8%A6%D9%8A%D9%84-%D8%AA%D8%B9%D8%AA%D8%B2%D9%85-%D8%A5%D8%B6%D8%A7%D9%81%D8%A9-%D9%85%D8%B1%D9%83%D8%B2%D9%8A-%D8%AA%D9%88%D8%B2%D9%8A%D8%B9-%D9%85%D8%B3%D8%A7%D8%B9%D8%AF%D8%A7%D8%AA-%D9%81%D9%8A-%D8%BA%D8%B2%D8%A9-6057951/%D8%A7%D9%84%D8%B9%D8%A7%D9%84%D9%85/%D8%B3%D9%8A%D8%A7%D8%B3%D8%A9,Article `download()` failed with 403 Client Error: Forbidden for url: https://www.alkhaleej.ae/2025-08-27/%D8%A5%D8%B3%D8%B1%D8%A7%D8%A6%D9%8A%D9%84-%D8%AA%D8%B9%D8%AA%D8%B2%D9%85-%D8%A5%D8%B6%D8%A7%D9%81%D8%A9-%D9%85%D8%B1%D9%83%D8%B2%D9%8A-%D8%AA%D9%88%D8%B2%D9%8A%D8%B9-%D9%85%D8%B3%D8%A7%D8%B9%D8%AF%D8%A7%D8%AA-%D9%81%D9%8A-%D8%BA%D8%B2%D8%A9-6057951/%D8%A7%D9%84%D8%B9%D8%A7%D9%84%D9%85/%D8%B3%D9%8A%D8%A7%D8%B3%D8%A9 on URL https://www.alkhaleej.ae/2025-08-27/%D8%A5%D8%B3%D8%B1%D8%A7%D8%A6%D9%8A%D9%84-%D8%AA%D8%B9%D8%AA%D8%B2%D9%85-%D8%A5%D8%B6%D8%A7%D9%81%D8%A9-%D9%85%D8%B1%D9%83%D8%B2%D9%8A-%D8%AA%D9%88%D8%B2%D9%8A%D8%B9-%D9%85%D8%B3%D8%A7%D8%B9%D8%AF%D8%A7%D8%AA-%D9%81%D9%8A-%D8%BA%D8%B2%D8%A9-6057951/%D8%A7%D9%84%D8%B9%D8%A7%D9%84%D9%85/%D8%B3%D9%8A%D8%A7%D8%B3%D8%A9
1564,https://www.al-madina.com/article/948800/%D9%85%D8%AD%D9%84%D9%8A%D8%A7%D8%AA/%D8%A7%D9%84%D8%B9%D9%8A%D8%B3%D9%89-%D9%8A%D8%AF%D8%B4%D9%86-%D8%A3%D8%B9%D9%85%D8%A7%D9%84-%D9%85%D9%84%D8%AA%D9%82%D9%89-%D8%A7%D9%84%D9%81%D9%82%D9%87%D8%A7%D8%A1-%D8%A7%D9%84%D8%A3%D9%88%D9%84-%D9%81%D9%8A-%D9%83%D9%88%D8%A7%D9%84%D8%A7%D9%84%D9%85%D8%A8%D9%88%D8%B1,Article `download()` failed with 403 Client Error: Forbidden for url: https://www.al-madina.com/article/948800/%D9%85%D8%AD%D9%84%D9%8A%D8%A7%D8%AA/%D8%A7%D9%84%D8%B9%D9%8A%D8%B3%D9%89-%D9%8A%D8%AF%D8%B4%D9%86-%D8%A3%D8%B9%D9%85%D8%A7%D9%84-%D9%85%D9%84%D8%AA%D9%82%D9%89-%D8%A7%D9%84%D9%81%D9%82%D9%87%D8%A7%D8%A1-%D8%A7%D9%84%D8%A3%D9%88%D9%84-%D9%81%D9%8A-%D9%83%D9%88%D8%A7%D9%84%D8%A7%D9%84%D9%85%D8%A8%D9%88%D8%B1 on URL https://www.al-madina.com/article/948800/%D9%85%D8%AD%D9%84%D9%8A%D8%A7%D8%AA/%D8%A7%D9%84%D8%B9%D9%8A%D8%B3%D9%89-%D9%8A%D8%AF%D8%B4%D9%86-%D8%A3%D8%B9%D9%85%D8%A7%D9%84-%D9%85%D9%84%D8%AA%D9%82%D9%89-%D8%A7%D9%84%D9%81%D9%82%D9%87%D8%A7%D8%A1-%D8%A7%D9%84%D8%A3%D9%88%D9%84-%D9%81%D9%8A-%D9%83%D9%88%D8%A7%D9%84%D8%A7%D9%84%D9%85%D8%A8%D9%88%D8%B1
10421,https://arabiatravelnews.com/aviation/flynas-resumes-direct-flights-between-jeddah-and-kuwait/,"Article `download()` failed with ('Connection aborted.', RemoteDisconnected('Remote end closed connection without response')) on URL https://arabiatravelnews.com/aviation/flynas-resumes-direct-flights-between-jeddah-and-kuwait/"
7832,https://www.alghad.tv/%D8%A3%D8%AE%D8%A8%D8%A7%D8%B1-%D8%A7%D9%84%D8%BA%D8%AF/news/71-%D8%B4%D9%87%D9%8A%D8%AF%D8%A7-%D8%AE%D9%84%D8%A7%D9%84-24-%D8%B3%D8%A7%D8%B9%D8%A9-%D8%AD%D8%B5%D9%8A%D9%84%D8%A9-%D8%AC%D8%AF%D9%8A%D8%AF%D8%A9-%D9%84%D9%84%D8%B9%D8%AF%D9%88%D8%A7%D9%86-%D8%B9%D9%84%D9%89-%D8%BA%D8%B2%D8%A9,Article `download()` failed with 403 Client Error: Forbidden for url: https://www.alghad.tv/%D8%A3%D8%AE%D8%A8%D8%A7%D8%B1-%D8%A7%D9%84%D8%BA%D8%AF/news/71-%D8%B4%D9%87%D9%8A%D8%AF%D8%A7-%D8%AE%D9%84%D8%A7%D9%84-24-%D8%B3%D8%A7%D8%B9%D8%A9-%D8%AD%D8%B5%D9%8A%D9%84%D8%A9-%D8%AC%D8%AF%D9%8A%D8%AF%D8%A9-%D9%84%D9%84%D8%B9%D8%AF%D9%88%D8%A7%D9%86-%D8%B9%D9%84%D9%89-%D8%BA%D8%B2%D8%A9 on URL https://www.alghad.tv/%D8%A3%D8%AE%D8%A8%D8%A7%D8%B1-%D8%A7%D9%84%D8%BA%D8%AF/news/71-%D8%B4%D9%87%D9%8A%D8%AF%D8%A7-%D8%AE%D9%84%D8%A7%D9%84-24-%D8%B3%D8%A7%D8%B9%D8%A9-%D8%AD%D8%B5%D9%8A%D9%84%D8%A9-%D8%AC%D8%AF%D9%8A%D8%AF%D8%A9-%D9%84%D9%84%D8%B9%D8%AF%D9%88%D8%A7%D9%86-%D8%B9%D9%84%D9%89-%D8%BA%D8%B2%D8%A9
3213,https://english.alarabiya.net/News/middle-east/2025/08/28/aid-convoy-enters-sweida-from-damascus-first-time-in-weeks-after-violence-outbreak,Article `download()` failed with 403 Client Error: Forbidden for url: https://english.alarabiya.net/News/middle-east/2025/08/28/aid-convoy-enters-sweida-from-damascus-first-time-in-weeks-after-violence-outbreak on URL https://english.alarabiya.net/News/middle-east/2025/08/28/aid-convoy-enters-sweida-from-damascus-first-time-in-weeks-after-violence-outbreak
354,https://www.24.ae/914845,Article `download()` failed with 403 Client Error: Forbidden for url: https://www.24.ae/914845 on URL https://www.24.ae/914845
2,https://almsaey.akhbarelyom.com/news/newdetails/3509881/1/%D8%AD%D9%85%D9%84%D8%A7%D8%AA-%D8%B1%D9%82%D8%A7%D8%A8%D9%8A%D8%A9-%D9%85%D9%83%D8%AB%D9%81%D8%A9-%D9%84%D9%80-%D8%A7%D9%84%D8%A8%D8%AA%D8%B1%D9%88%D9%84-%D9%84%D9%85%D8%AA%D8%A7%D8%A8%D8%B9%D8%A9-%D8%AD%D8%B1,Article `download()` failed with 403 Client Error: Forbidden for url: https://almsaey.akhbarelyom.com/news/newdetails/3509881/1/%D8%AD%D9%85%D9%84%D8%A7%D8%AA-%D8%B1%D9%82%D8%A7%D8%A8%D9%8A%D8%A9-%D9%85%D9%83%D8%AB%D9%81%D8%A9-%D9%84%D9%80-%D8%A7%D9%84%D8%A8%D8%AA%D8%B1%D9%88%D9%84-%D9%84%D9%85%D8%AA%D8%A7%D8%A8%D8%B9%D8%A9-%D8%AD%D8%B1 on URL https://almsaey.akhbarelyom.com/news/newdetails/3509881/1/%D8%AD%D9%85%D9%84%D8%A7%D8%AA-%D8%B1%D9%82%D8%A7%D8%A8%D9%8A%D8%A9-%D9%85%D9%83%D8%AB%D9%81%D8%A9-%D9%84%D9%80-%D8%A7%D9%84%D8%A8%D8%AA%D8%B1%D9%88%D9%84-%D9%84%D9%85%D8%AA%D8%A7%D8%A8%D8%B9%D8%A9-%D8%AD%D8%B1
17,https://www.alwafd.news/5671741,Article `download()` failed with 403 Client Error: Forbidden for url: https://www.alwafd.news/5671741 on URL https://www.alwafd.news/5671741
7832,https://www.alghad.tv/%D8%A3%D8%AE%D8%A8%D8%A7%D8%B1-%D8%A7%D9%84%D8%BA%D8%AF/news/%D8%A8%D8%A7%D8%A8%D8%A7-%D8%A7%D9%84%D9%81%D8%A7%D8%AA%D9%8A%D9%83%D8%A7%D9%86-%D9%8A%D8%AF%D8%B9%D9%88-%D8%A7%D9%84%D9%85%D8%AC%D8%AA%D9%85%D8%B9-%D8%A7%D9%84%D8%AF%D9%88%D9%84%D9%8A-%D9%84%D9%84%D8%AA%D8%AF%D8%AE%D9%84-%D9%88%D9%88%D9%82%D9%81-%D8%A7%D9%84%D8%AD%D8%B1%D8%A8-%D9%81%D9%8A-%D8%BA%D8%B2%D8%A9,Article `download()` failed with 403 Client Error: Forbidden for url: https://www.alghad.tv/%D8%A3%D8%AE%D8%A8%D8%A7%D8%B1-%D8%A7%D9%84%D8%BA%D8%AF/news/%D8%A8%D8%A7%D8%A8%D8%A7-%D8%A7%D9%84%D9%81%D8%A7%D8%AA%D9%8A%D9%83%D8%A7%D9%86-%D9%8A%D8%AF%D8%B9%D9%88-%D8%A7%D9%84%D9%85%D8%AC%D8%AA%D9%85%D8%B9-%D8%A7%D9%84%D8%AF%D9%88%D9%84%D9%8A-%D9%84%D9%84%D8%AA%D8%AF%D8%AE%D9%84-%D9%88%D9%88%D9%82%D9%81-%D8%A7%D9%84%D8%AD%D8%B1%D8%A8-%D9%81%D9%8A-%D8%BA%D8%B2%D8%A9 on URL https://www.alghad.tv/%D8%A3%D8%AE%D8%A8%D8%A7%D8%B1-%D8%A7%D9%84%D8%BA%D8%AF/news/%D8%A8%D8%A7%D8%A8%D8%A7-%D8%A7%D9%84%D9%81%D8%A7%D8%AA%D9%8A%D9%83%D8%A7%D9%86-%D9%8A%D8%AF%D8%B9%D9%88-%D8%A7%D9%84%D9%85%D8%AC%D8%AA%D9%85%D8%B9-%D8%A7%D9%84%D8%AF%D9%88%D9%84%D9%8A-%D9%84%D9%84%D8%AA%D8%AF%D8%AE%D9%84-%D9%88%D9%88%D9%82%D9%81-%D8%A7%D9%84%D8%AD%D8%B1%D8%A8-%D9%81%D9%8A-%D8%BA%D8%B2%D8%A9
44,https://www.egypttoday.com/Article/1/141930/Sisi-reaffirms-Egypt%E2%80%99s-global-contacts-to-ensure-Lebanon%E2%80%99s-stability-full,Article `download()` failed with 403 Client Error: Forbidden for url: https://www.egypttoday.com/Article/1/141930/Sisi-reaffirms-Egypt%E2%80%99s-global-contacts-to-ensure-Lebanon%E2%80%99s-stability-full on URL https://www.egypttoday.com/Article/1/141930/Sisi-reaffirms-Egypt%E2%80%99s-global-contacts-to-ensure-Lebanon%E2%80%99s-stability-full
1569,https://www.al-madina.com/article/948858/%D8%A7%D9%82%D8%AA%D8%B5%D8%A7%D8%AF/%D8%A7%D8%B3%D8%AA%D9%82%D8%B1%D8%A7%D8%B1-%D8%A3%D8%B3%D8%B9%D8%A7%D8%B1-%D8%A7%D9%84%D9%86%D9%81%D8%B7,Article `download()` failed with 403 Client Error: Forbidden for url: https://www.al-madina.com/article/948858/%D8%A7%D9%82%D8%AA%D8%B5%D8%A7%D8%AF/%D8%A7%D8%B3%D8%AA%D9%82%D8%B1%D8%A7%D8%B1-%D8%A3%D8%B3%D8%B9%D8%A7%D8%B1-%D8%A7%D9%84%D9%86%D9%81%D8%B7 on URL https://www.al-madina.com/article/948858/%D8%A7%D9%82%D8%AA%D8%B5%D8%A7%D8%AF/%D8%A7%D8%B3%D8%AA%D9%82%D8%B1%D8%A7%D8%B1-%D8%A3%D8%B3%D8%B9%D8%A7%D8%B1-%D8%A7%D9%84%D9%86%D9%81%D8%B7
1915,https://akhbarelyom.com/news/newdetails/4679798/1/%D8%A7%D9%84%D8%A3%D9%85%D9%86-%D9%8A%D9%83%D8%B4%D9%81-%D9%85%D9%84%D8%A7%D8%A8%D8%B3%D8%A7%D8%AA-%D9%85%D8%B4%D8%A7%D8%AC%D8%B1%D8%A9-%D8%A3%D8%B3%D9%81%D8%B1%D8%AA-%D8%B9%D9%86-%D9%88%D9%81%D8%A7%D8%A9-,Article `download()` failed with 403 Client Error: Forbidden for url: https://akhbarelyom.com/news/newdetails/4679798/1/%D8%A7%D9%84%D8%A3%D9%85%D9%86-%D9%8A%D9%83%D8%B4%D9%81-%D9%85%D9%84%D8%A7%D8%A8%D8%B3%D8%A7%D8%AA-%D9%85%D8%B4%D8%A7%D8%AC%D8%B1%D8%A9-%D8%A3%D8%B3%D9%81%D8%B1%D8%AA-%D8%B9%D9%86-%D9%88%D9%81%D8%A7%D8%A9- on URL https://akhbarelyom.com/news/newdetails/4679798/1/%D8%A7%D9%84%D8%A3%D9%85%D9%86-%D9%8A%D9%83%D8%B4%D9%81-%D9%85%D9%84%D8%A7%D8%A8%D8%B3%D8%A7%D8%AA-%D9%85%D8%B4%D8%A7%D8%AC%D8%B1%D8%A9-%D8%A3%D8%B3%D9%81%D8%B1%D8%AA-%D8%B9%D9%86-%D9%88%D9%81%D8%A7%D8%A9-
5599,https://www.ammonnews.net/article/944654,Article `download()` failed with 403 Client Error: Forbidden for url: https://www.ammonnews.net/article/944654 on URL https://www.ammonnews.net/article/944654
9471,https://cnnbusinessarabic.com/tags/%D8%A8%D9%88%D9%8A%D9%86%D8%BA,Article `download()` failed with 403 Client Error: Forbidden for url: https://cnnbusinessarabic.com/tags/%D8%A8%D9%88%D9%8A%D9%86%D8%BA on URL https://cnnbusinessarabic.com/tags/%D8%A8%D9%88%D9%8A%D9%86%D8%BA
5320,https://www.24.ae/914878,Article `download()` failed with 403 Client Error: Forbidden for url: https://www.24.ae/914878 on URL https://www.24.ae/914878
7646,https://akhbarelyom.com/news/newdetails/4679845/1/%D8%A8%D8%AB-%D9%85%D8%A8%D8%A7%D8%B4%D8%B1-%D9%85%D8%A4%D8%AA%D9%85%D8%B1-%D8%B5%D8%AD%D9%81%D9%8A-%D9%84%D9%88%D8%B2%D9%8A%D8%B1-%D8%A7%D9%84%D8%AE%D8%A7%D8%B1%D8%AC%D9%8A%D8%A9-%D9%88%D9%86%D8%B8%D9%8A%D8%B1,Article `download()` failed with 403 Client Error: Forbidden for url: https://akhbarelyom.com/news/newdetails/4679845/1/%D8%A8%D8%AB-%D9%85%D8%A8%D8%A7%D8%B4%D8%B1-%D9%85%D8%A4%D8%AA%D9%85%D8%B1-%D8%B5%D8%AD%D9%81%D9%8A-%D9%84%D9%88%D8%B2%D9%8A%D8%B1-%D8%A7%D9%84%D8%AE%D8%A7%D8%B1%D8%AC%D9%8A%D8%A9-%D9%88%D9%86%D8%B8%D9%8A%D8%B1 on URL https://akhbarelyom.com/news/newdetails/4679845/1/%D8%A8%D8%AB-%D9%85%D8%A8%D8%A7%D8%B4%D8%B1-%D9%85%D8%A4%D8%AA%D9%85%D8%B1-%D8%B5%D8%AD%D9%81%D9%8A-%D9%84%D9%88%D8%B2%D9%8A%D8%B1-%D8%A7%D9%84%D8%AE%D8%A7%D8%B1%D8%AC%D9%8A%D8%A9-%D9%88%D9%86%D8%B8%D9%8A%D8%B1
5583,https://www.ammonnews.net/article/944356,Article `download()` failed with 403 Client Error: Forbidden for url: https://www.ammonnews.net/article/944356 on URL https://www.ammonnews.net/article/944356
7275,https://www.reuters.com/world/americas/brazil-creates-fewer-formal-jobs-than-expected-july-2025-08-27/,Article `download()` failed with 401 Client Error: HTTP Forbidden for url: https://www.reuters.com/world/americas/brazil-creates-fewer-formal-jobs-than-expected-july-2025-08-27/ on URL https://www.reuters.com/world/americas/brazil-creates-fewer-formal-jobs-than-expected-july-2025-08-27/
1915,https://akhbarelyom.com/news/newdetails/4679422/1/%D8%A7%D9%84%D9%85%D8%A4%D8%A8%D8%AF-%D9%84%D8%AA%D8%A7%D8%AC%D8%B1%D9%8A-%D9%85%D9%88%D8%A7%D8%B4%D9%8A-%D8%A8%D8%AA%D9%87%D9%85%D8%A9-%D9%82%D8%AA%D9%84-%D8%B4%D8%B1%D9%8A%D9%83%D9%87%D9%85%D8%A7-%D8%A8%D8%B3,Article `download()` failed with 403 Client Error: Forbidden for url: https://akhbarelyom.com/news/newdetails/4679422/1/%D8%A7%D9%84%D9%85%D8%A4%D8%A8%D8%AF-%D9%84%D8%AA%D8%A7%D8%AC%D8%B1%D9%8A-%D9%85%D9%88%D8%A7%D8%B4%D9%8A-%D8%A8%D8%AA%D9%87%D9%85%D8%A9-%D9%82%D8%AA%D9%84-%D8%B4%D8%B1%D9%8A%D9%83%D9%87%D9%85%D8%A7-%D8%A8%D8%B3 on URL https://akhbarelyom.com/news/newdetails/4679422/1/%D8%A7%D9%84%D9%85%D8%A4%D8%A8%D8%AF-%D9%84%D8%AA%D8%A7%D8%AC%D8%B1%D9%8A-%D9%85%D9%88%D8%A7%D8%B4%D9%8A-%D8%A8%D8%AA%D9%87%D9%85%D8%A9-%D9%82%D8%AA%D9%84-%D8%B4%D8%B1%D9%8A%D9%83%D9%87%D9%85%D8%A7-%D8%A8%D8%B3
2216,https://dohanews.co/heenat-salma-and-the-ministry-of-sports-and-youth-successfully-conclude-revive-a-summer-of-crafts/,Article `download()` failed with 403 Client Error: Forbidden for url: https://dohanews.co/heenat-salma-and-the-ministry-of-sports-and-youth-successfully-conclude-revive-a-summer-of-crafts/ on URL https://dohanews.co/heenat-salma-and-the-ministry-of-sports-and-youth-successfully-conclude-revive-a-summer-of-crafts/
3781,https://news.sabaq24.com/9036/%d8%a7%d9%84%d9%81%d8%b1%d9%8a%d9%83%d8%a9-%d9%88%d8%b3%d9%83%d8%b1-%d8%a7%d9%84%d8%af%d9%85-%d8%aa%d8%ac%d8%b1%d8%a8%d8%a9-%d8%b9%d9%85%d9%84%d9%8a%d8%a9-%d8%aa%d9%83%d8%b4%d9%81-%d8%a7%d9%84%d9%81/,Article `download()` failed with 500 Server Error: Internal Server Error for url: https://news.sabaq24.com/9036/%D8%A7%D9%84%D9%81%D8%B1%D9%8A%D9%83%D8%A9-%D9%88%D8%B3%D9%83%D8%B1-%D8%A7%D9%84%D8%AF%D9%85-%D8%AA%D8%AC%D8%B1%D8%A8%D8%A9-%D8%B9%D9%85%D9%84%D9%8A%D8%A9-%D8%AA%D9%83%D8%B4%D9%81-%D8%A7%D9%84%D9%81/ on URL https://news.sabaq24.com/9036/%d8%a7%d9%84%d9%81%d8%b1%d9%8a%d9%83%d8%a9-%d9%88%d8%b3%d9%83%d8%b1-%d8%a7%d9%84%d8%af%d9%85-%d8%aa%d8%ac%d8%b1%d8%a8%d8%a9-%d8%b9%d9%85%d9%84%d9%8a%d8%a9-%d8%aa%d9%83%d8%b4%d9%81-%d8%a7%d9%84%d9%81/
5676,https://economymiddleeast.com/ar/news/%D9%87%D9%8A%D8%A6%D8%A9-%D8%A3%D8%A8%D9%88%D8%B8%D8%A8%D9%8A-%D9%84%D9%84%D8%A5%D8%B3%D9%83%D8%A7%D9%86-%D8%AA%D9%88%D8%B3%D8%B9-%D8%B4%D8%B1%D8%A7%D9%83%D8%A7%D8%AA%D9%87%D8%A7-%D9%85%D8%B9-3-%D8%A8/,"Article `download()` failed with HTTPSConnectionPool(host='economymiddleeast.com', port=443): Read timed out. (read timeout=15) on URL https://economymiddleeast.com/ar/news/%D9%87%D9%8A%D8%A6%D8%A9-%D8%A3%D8%A8%D9%88%D8%B8%D8%A8%D9%8A-%D9%84%D9%84%D8%A5%D8%B3%D9%83%D8%A7%D9%86-%D8%AA%D9%88%D8%B3%D8%B9-%D8%B4%D8%B1%D8%A7%D9%83%D8%A7%D8%AA%D9%87%D8%A7-%D9%85%D8%B9-3-%D8%A8/"
4460,https://www.alaraby.co.uk/sport/%D8%A3%D9%85%D9%8A%D8%B1%D9%83%D8%A7-%D8%A7%D9%84%D9%85%D9%81%D8%AA%D9%88%D8%AD%D8%A9-%D8%A3%D9%84%D9%83%D8%A7%D8%B1%D8%A7%D8%B2-%D9%88%D8%AF%D9%8A%D9%88%D9%83%D9%88%D9%81%D9%8A%D8%AA%D8%B4-%D9%84%D9%84%D8%AF%D9%88%D8%B1-%D8%A7%D9%84%D8%AB%D8%A7%D9%84%D8%AB-%D9%88%D8%B3%D8%A7%D8%A8%D8%A7%D9%84%D9%8A%D9%86%D9%83%D8%A7-%D9%85%D8%B3%D8%AA%D9%85%D8%B1%D8%A9,"Article `download()` failed with HTTPSConnectionPool(host='www.alaraby.co.uk', port=443): Max retries exceeded with url: /sport/%D8%A3%D9%85%D9%8A%D8%B1%D9%83%D8%A7-%D8%A7%D9%84%D9%85%D9%81%D8%AA%D9%88%D8%AD%D8%A9-%D8%A3%D9%84%D9%83%D8%A7%D8%B1%D8%A7%D8%B2-%D9%88%D8%AF%D9%8A%D9%88%D9%83%D9%88%D9%81%D9%8A%D8%AA%D8%B4-%D9%84%D9%84%D8%AF%D9%88%D8%B1-%D8%A7%D9%84%D8%AB%D8%A7%D9%84%D8%AB-%D9%88%D8%B3%D8%A7%D8%A8%D8%A7%D9%84%D9%8A%D9%86%D9%83%D8%A7-%D9%85%D8%B3%D8%AA%D9%85%D8%B1%D8%A9 (Caused by SSLError(SSLCertVerificationError(1, '[SSL: CERTIFICATE_VERIFY_FAILED] certificate verify failed: unable to get local issuer certificate (_ssl.c:1000)'))) on URL https://www.alaraby.co.uk/sport/%D8%A3%D9%85%D9%8A%D8%B1%D9%83%D8%A7-%D8%A7%D9%84%D9%85%D9%81%D8%AA%D9%88%D8%AD%D8%A9-%D8%A3%D9%84%D9%83%D8%A7%D8%B1%D8%A7%D8%B2-%D9%88%D8%AF%D9%8A%D9%88%D9%83%D9%88%D9%81%D9%8A%D8%AA%D8%B4-%D9%84%D9%84%D8%AF%D9%88%D8%B1-%D8%A7%D9%84%D8%AB%D8%A7%D9%84%D8%AB-%D9%88%D8%B3%D8%A7%D8%A8%D8%A7%D9%84%D9%8A%D9%86%D9%83%D8%A7-%D9%85%D8%B3%D8%AA%D9%85%D8%B1%D8%A9"
3782,https://news.sabaq24.com/9158/%d8%a3%d8%b3%d8%b9%d8%a7%d8%b1-%d8%a7%d9%84%d8%b0%d9%87%d8%a8-%d9%81%d9%8a-%d8%a7%d9%86%d8%aa%d8%b8%d8%a7%d8%b1-%d8%a8%d9%8a%d8%a7%d9%86%d8%a7%d8%aa-%d8%a3%d9%85%d8%b1%d9%8a%d9%83%d9%8a%d8%a9-%d8%ad/,Article `download()` failed with 500 Server Error: Internal Server Error for url: https://news.sabaq24.com/9158/%D8%A3%D8%B3%D8%B9%D8%A7%D8%B1-%D8%A7%D9%84%D8%B0%D9%87%D8%A8-%D9%81%D9%8A-%D8%A7%D9%86%D8%AA%D8%B8%D8%A7%D8%B1-%D8%A8%D9%8A%D8%A7%D9%86%D8%A7%D8%AA-%D8%A3%D9%85%D8%B1%D9%8A%D9%83%D9%8A%D8%A9-%D8%AD/ on URL https://news.sabaq24.com/9158/%d8%a3%d8%b3%d8%b9%d8%a7%d8%b1-%d8%a7%d9%84%d8%b0%d9%87%d8%a8-%d9%81%d9%8a-%d8%a7%d9%86%d8%aa%d8%b8%d8%a7%d8%b1-%d8%a8%d9%8a%d8%a7%d9%86%d8%a7%d8%aa-%d8%a3%d9%85%d8%b1%d9%8a%d9%83%d9%8a%d8%a9-%d8%ad/
5316,https://www.24.ae/914980,Article `download()` failed with 403 Client Error: Forbidden for url: https://www.24.ae/914980 on URL https://www.24.ae/914980
4445,https://almashhad.com/article/773112298002792-News/717251942076507-%D9%81%D9%8A%D8%AF%D9%8A%D9%88-%D8%A5%D9%86%D8%B2%D8%A7%D9%84-%D8%AC%D9%88%D9%8A-%D8%A5%D8%B3%D8%B1%D8%A7%D8%A6%D9%8A%D9%84%D9%8A-%D9%81%D9%8A-%D8%AC%D8%A8%D9%84-%D8%A7%D9%84%D9%85%D8%A7%D9%86%D8%B9-%D8%AA%D9%81%D8%A7%D8%B5%D9%8A%D9%84-%D9%85%D8%A7-%D8%AD%D8%AF%D8%AB-%D8%AC%D9%86%D9%88%D8%A8-%D8%BA%D8%B1%D8%A8%D9%8A-%D8%AF%D9%85%D8%B4%D9%82/,"Article `download()` failed with HTTPSConnectionPool(host='almashhad.com', port=443): Read timed out. (read timeout=15) on URL https://almashhad.com/article/773112298002792-News/717251942076507-%D9%81%D9%8A%D8%AF%D9%8A%D9%88-%D8%A5%D9%86%D8%B2%D8%A7%D9%84-%D8%AC%D9%88%D9%8A-%D8%A5%D8%B3%D8%B1%D8%A7%D8%A6%D9%8A%D9%84%D9%8A-%D9%81%D9%8A-%D8%AC%D8%A8%D9%84-%D8%A7%D9%84%D9%85%D8%A7%D9%86%D8%B9-%D8%AA%D9%81%D8%A7%D8%B5%D9%8A%D9%84-%D9%85%D8%A7-%D8%AD%D8%AF%D8%AB-%D8%AC%D9%86%D9%88%D8%A8-%D8%BA%D8%B1%D8%A8%D9%8A-%D8%AF%D9%85%D8%B4%D9%82/"
11510,https://www.onearabia.me/global/fuel-from-photosynthesis-scientists-find-a-way-to-create-carbon-neutral-solar-energy-011-120521.html?28082025172808,Article `download()` failed with 403 Client Error: Forbidden for url: https://www.onearabia.me/global/fuel-from-photosynthesis-scientists-find-a-way-to-create-carbon-neutral-solar-energy-011-120521.html?28082025172808 on URL https://www.onearabia.me/global/fuel-from-photosynthesis-scientists-find-a-way-to-create-carbon-neutral-solar-energy-011-120521.html?28082025172808
5137,https://ca.investing.com/news/company-news/serabi-gold-reports-14-production-increase-in-first-half-2025-93CH-4179380,Article `download()` failed with 403 Client Error: Forbidden for url: https://ca.investing.com/news/company-news/serabi-gold-reports-14-production-increase-in-first-half-2025-93CH-4179380 on URL https://ca.investing.com/news/company-news/serabi-gold-reports-14-production-increase-in-first-half-2025-93CH-4179380
1804,https://ninanews.com/Website/News/Details?Key=1248865,Article `download()` failed with 403 Client Error: Forbidden for url: https://ninanews.com/Website/News/Details?Key=1248865 on URL https://ninanews.com/Website/News/Details?Key=1248865
7280,https://www.reuters.com/legal/litigation/apple-says-uk-mobile-market-shake-up-could-harm-users-developers-2025-08-28/,Article `download()` failed with 401 Client Error: HTTP Forbidden for url: https://www.reuters.com/legal/litigation/apple-says-uk-mobile-market-shake-up-could-harm-users-developers-2025-08-28/ on URL https://www.reuters.com/legal/litigation/apple-says-uk-mobile-market-shake-up-could-harm-users-developers-2025-08-28/
5680,https://economymiddleeast.com/ar/news/%D8%AF%D8%A7%D9%85%D8%A7%D9%83-%D9%85%D8%B4%D8%A7%D8%B1%D9%8A%D8%B9-%D9%82%D9%8A%D8%AF-%D8%A7%D9%84%D8%AA%D9%86%D9%81%D9%8A%D8%B0-%D8%AA%D8%AF%D8%B9%D9%85-%D8%A7%D8%B2%D8%AF%D9%87%D8%A7%D8%B1-%D8%B3/,"Article `download()` failed with HTTPSConnectionPool(host='economymiddleeast.com', port=443): Read timed out. (read timeout=15) on URL https://economymiddleeast.com/ar/news/%D8%AF%D8%A7%D9%85%D8%A7%D9%83-%D9%85%D8%B4%D8%A7%D8%B1%D9%8A%D8%B9-%D9%82%D9%8A%D8%AF-%D8%A7%D9%84%D8%AA%D9%86%D9%81%D9%8A%D8%B0-%D8%AA%D8%AF%D8%B9%D9%85-%D8%A7%D8%B2%D8%AF%D9%87%D8%A7%D8%B1-%D8%B3/"
8995,https://www.alkhaleej.ae/2025-08-28/%D8%AB%D8%A8%D8%A7%D8%AA-%D8%A3%D8%B3%D8%B9%D8%A7%D8%B1-%D8%A7%D9%84%D8%B0%D9%87%D8%A8-%D9%81%D9%8A-%D9%85%D8%B5%D8%B1-%D8%A7%D9%84%D8%AC%D9%86%D9%8A%D9%87-%D9%8A%D8%B3%D8%AC%D9%84-37-%D8%A3%D9%84%D9%81%D8%A7%D9%8B-6059386/%D8%A3%D8%B3%D9%88%D8%A7%D9%82-%D8%B9%D8%A7%D9%84%D9%85%D9%8A%D8%A9/%D8%A7%D9%82%D8%AA%D8%B5%D8%A7%D8%AF,Article `download()` failed with 403 Client Error: Forbidden for url: https://www.alkhaleej.ae/2025-08-28/%D8%AB%D8%A8%D8%A7%D8%AA-%D8%A3%D8%B3%D8%B9%D8%A7%D8%B1-%D8%A7%D9%84%D8%B0%D9%87%D8%A8-%D9%81%D9%8A-%D9%85%D8%B5%D8%B1-%D8%A7%D9%84%D8%AC%D9%86%D9%8A%D9%87-%D9%8A%D8%B3%D8%AC%D9%84-37-%D8%A3%D9%84%D9%81%D8%A7%D9%8B-6059386/%D8%A3%D8%B3%D9%88%D8%A7%D9%82-%D8%B9%D8%A7%D9%84%D9%85%D9%8A%D8%A9/%D8%A7%D9%82%D8%AA%D8%B5%D8%A7%D8%AF on URL https://www.alkhaleej.ae/2025-08-28/%D8%AB%D8%A8%D8%A7%D8%AA-%D8%A3%D8%B3%D8%B9%D8%A7%D8%B1-%D8%A7%D9%84%D8%B0%D9%87%D8%A8-%D9%81%D9%8A-%D9%85%D8%B5%D8%B1-%D8%A7%D9%84%D8%AC%D9%86%D9%8A%D9%87-%D9%8A%D8%B3%D8%AC%D9%84-37-%D8%A3%D9%84%D9%81%D8%A7%D9%8B-6059386/%D8%A3%D8%B3%D9%88%D8%A7%D9%82-%D8%B9%D8%A7%D9%84%D9%85%D9%8A%D8%A9/%D8%A7%D9%82%D8%AA%D8%B5%D8%A7%D8%AF
4450,https://www.albiladpress.com/news/2025/6163/bahrain/935205.html,Article `download()` failed with 403 Client Error: Forbidden for url: https://www.albiladpress.com/news/2025/6163/bahrain/935205.html on URL https://www.albiladpress.com/news/2025/6163/bahrain/935205.html
4182,https://newsfall.news/Home/ViewNews/10836522,"Article `download()` failed with HTTPSConnectionPool(host='newsfall.news', port=443): Max retries exceeded with url: /Home/ViewNews/10836522 (Caused by NameResolutionError(""<urllib3.connection.HTTPSConnection object at 0x7ba3d8ab79e0>: Failed to resolve 'newsfall.news' ([Errno -3] Temporary failure in name resolution)"")) on URL https://newsfall.news/Home/ViewNews/10836522"
19,http://alamrakamy.com/story/374237/nvidia-reports-signs-of-slowing-ai-chip-sales.html,Article `download()` failed with 404 Client Error: Not Found for url: http://alamrakamy.com/story/374237/nvidia-reports-signs-of-slowing-ai-chip-sales.html on URL http://alamrakamy.com/story/374237/nvidia-reports-signs-of-slowing-ai-chip-sales.html
1119,http://beta-new2.alrai.com/%D8%B9%D8%B1%D8%A8%D9%8A-%D9%88%D8%AF%D9%88%D9%84%D9%8A,Article `download()` failed with 403 Client Error: Forbidden for url: https://beta-new2.alrai.com/%D8%B9%D8%B1%D8%A8%D9%8A-%D9%88%D8%AF%D9%88%D9%84%D9%8A on URL http://beta-new2.alrai.com/%D8%B9%D8%B1%D8%A8%D9%8A-%D9%88%D8%AF%D9%88%D9%84%D9%8A
2118,https://www.ledevoir.com/opinion/lettres/912570/frustration-causee-interruptions-duree-indeterminee,Article `download()` failed with 403 Client Error: Forbidden for url: https://www.ledevoir.com/opinion/lettres/912570/frustration-causee-interruptions-duree-indeterminee on URL https://www.ledevoir.com/opinion/lettres/912570/frustration-causee-interruptions-duree-indeterminee
7741,https://www.mobtada.com/world/1537832/%D8%B5%D8%AD%D8%A9-%D8%BA%D8%B2%D8%A9-17-%D8%A3%D9%84%D9%81-%D9%85%D8%B1%D9%8A%D8%B6-%D9%85%D9%87%D8%AF%D8%AF%D9%88%D9%86-%D8%A8%D8%A7%D9%84%D9%85%D9%88%D8%AA-%D8%A8%D8%B3%D8%A8%D8%A8-%D8%AE%D8%B1%D9%88%D8%AC-%D8%A7%D9%84%D9%85%D8%B3%D8%AA%D8%B4%D9%81%D9%8A%D8%A7%D8%AA-%D8%B9%D9%86-%D8%A7%D9%84%D8%AE%D8%AF%D9%85%D8%A9,Article `download()` failed with 403 Client Error: Forbidden for url: https://www.mobtada.com/world/1537832/%D8%B5%D8%AD%D8%A9-%D8%BA%D8%B2%D8%A9-17-%D8%A3%D9%84%D9%81-%D9%85%D8%B1%D9%8A%D8%B6-%D9%85%D9%87%D8%AF%D8%AF%D9%88%D9%86-%D8%A8%D8%A7%D9%84%D9%85%D9%88%D8%AA-%D8%A8%D8%B3%D8%A8%D8%A8-%D8%AE%D8%B1%D9%88%D8%AC-%D8%A7%D9%84%D9%85%D8%B3%D8%AA%D8%B4%D9%81%D9%8A%D8%A7%D8%AA-%D8%B9%D9%86-%D8%A7%D9%84%D8%AE%D8%AF%D9%85%D8%A9 on URL https://www.mobtada.com/world/1537832/%D8%B5%D8%AD%D8%A9-%D8%BA%D8%B2%D8%A9-17-%D8%A3%D9%84%D9%81-%D9%85%D8%B1%D9%8A%D8%B6-%D9%85%D9%87%D8%AF%D8%AF%D9%88%D9%86-%D8%A8%D8%A7%D9%84%D9%85%D9%88%D8%AA-%D8%A8%D8%B3%D8%A8%D8%A8-%D8%AE%D8%B1%D9%88%D8%AC-%D8%A7%D9%84%D9%85%D8%B3%D8%AA%D8%B4%D9%81%D9%8A%D8%A7%D8%AA-%D8%B9%D9%86-%D8%A7%D9%84%D8%AE%D8%AF%D9%85%D8%A9
3572,https://www.al-jazirahonline.com/2025/08/28/439534/,"Article `download()` failed with HTTPSConnectionPool(host='www.al-jazirahonline.com', port=443): Read timed out. on URL https://www.al-jazirahonline.com/2025/08/28/439534/"
4452,https://www.albiladpress.com/news/2025/6163/spaces/935094.html,Article `download()` failed with 403 Client Error: Forbidden for url: https://www.albiladpress.com/news/2025/6163/spaces/935094.html on URL https://www.albiladpress.com/news/2025/6163/spaces/935094.html
9456,https://cnnbusinessarabic.com/sectors/1125884/%D8%AE%D8%B7%D8%A9-%D9%85%D9%88%D8%A7%D8%B2%D9%86%D8%A9-%D8%B3%D9%88%D8%B1%D9%8A%D8%A7-2026-%D8%B2%D9%8A%D8%A7%D8%AF%D8%A9-%D8%A7%D9%84%D8%B1%D9%88%D8%A7%D8%AA%D8%A8-%D9%88%D8%AA%D8%AD%D9%81%D9%8A%D8%B2-%D8%A7%D9%84%D8%A7%D8%B3%D8%AA%D8%AB%D9%85%D8%A7%D8%B1,Article `download()` failed with 403 Client Error: Forbidden for url: https://cnnbusinessarabic.com/sectors/1125884/%D8%AE%D8%B7%D8%A9-%D9%85%D9%88%D8%A7%D8%B2%D9%86%D8%A9-%D8%B3%D9%88%D8%B1%D9%8A%D8%A7-2026-%D8%B2%D9%8A%D8%A7%D8%AF%D8%A9-%D8%A7%D9%84%D8%B1%D9%88%D8%A7%D8%AA%D8%A8-%D9%88%D8%AA%D8%AD%D9%81%D9%8A%D8%B2-%D8%A7%D9%84%D8%A7%D8%B3%D8%AA%D8%AB%D9%85%D8%A7%D8%B1 on URL https://cnnbusinessarabic.com/sectors/1125884/%D8%AE%D8%B7%D8%A9-%D9%85%D9%88%D8%A7%D8%B2%D9%86%D8%A9-%D8%B3%D9%88%D8%B1%D9%8A%D8%A7-2026-%D8%B2%D9%8A%D8%A7%D8%AF%D8%A9-%D8%A7%D9%84%D8%B1%D9%88%D8%A7%D8%AA%D8%A8-%D9%88%D8%AA%D8%AD%D9%81%D9%8A%D8%B2-%D8%A7%D9%84%D8%A7%D8%B3%D8%AA%D8%AB%D9%85%D8%A7%D8%B1
4444,https://almashhad.com/article/773112298002792-News/231316656840212-%D8%B1%D8%A6%D9%8A%D8%B3%D8%A9-%D9%88%D8%B2%D8%A7%D8%B1%D8%A1-%D8%A5%D9%8A%D8%B7%D8%A7%D9%84%D9%8A%D8%A7-%D8%AA%D9%86%D8%AF%D8%AF-%D8%A8%D9%82%D8%AA%D9%84-%D8%A7%D9%84%D8%B5%D8%AD%D9%81%D9%8A%D9%8A%D9%86-%D9%81%D9%8A-%D8%BA%D8%B2%D8%A9/,"Article `download()` failed with HTTPSConnectionPool(host='almashhad.com', port=443): Read timed out. on URL https://almashhad.com/article/773112298002792-News/231316656840212-%D8%B1%D8%A6%D9%8A%D8%B3%D8%A9-%D9%88%D8%B2%D8%A7%D8%B1%D8%A1-%D8%A5%D9%8A%D8%B7%D8%A7%D9%84%D9%8A%D8%A7-%D8%AA%D9%86%D8%AF%D8%AF-%D8%A8%D9%82%D8%AA%D9%84-%D8%A7%D9%84%D8%B5%D8%AD%D9%81%D9%8A%D9%8A%D9%86-%D9%81%D9%8A-%D8%BA%D8%B2%D8%A9/"
9498,https://web.almwatenalmasry.com/153157,"Article `download()` failed with HTTPSConnectionPool(host='web.almwatenalmasry.com', port=443): Max retries exceeded with url: /153157 (Caused by NameResolutionError(""<urllib3.connection.HTTPSConnection object at 0x7ba3d7e41b80>: Failed to resolve 'web.almwatenalmasry.com' ([Errno -2] Name or service not known)"")) on URL https://web.almwatenalmasry.com/153157"
1119,https://alrai.com/article/10910070/%D8%B9%D8%B1%D8%A8%D9%8A-%D9%88%D8%AF%D9%88%D9%84%D9%8A/%D8%B1%D9%88%D8%A8%D9%8A%D9%88-%D9%88%D8%A7%D8%B4%D9%86%D8%B7%D9%86-%D9%85%D9%86%D9%81%D8%AA%D8%AD%D8%A9-%D8%B9%D9%84%D9%89-%D8%AA%D9%88%D8%A7%D8%B5%D9%84-%D9%85%D8%A8%D8%A7%D8%B4%D8%B1-%D9%85%D8%B9-%D8%A5%D9%8A%D8%B1%D8%A7%D9%86,Article `download()` failed with 403 Client Error: Forbidden for url: https://alrai.com/article/10910070/%D8%B9%D8%B1%D8%A8%D9%8A-%D9%88%D8%AF%D9%88%D9%84%D9%8A/%D8%B1%D9%88%D8%A8%D9%8A%D9%88-%D9%88%D8%A7%D8%B4%D9%86%D8%B7%D9%86-%D9%85%D9%86%D9%81%D8%AA%D8%AD%D8%A9-%D8%B9%D9%84%D9%89-%D8%AA%D9%88%D8%A7%D8%B5%D9%84-%D9%85%D8%A8%D8%A7%D8%B4%D8%B1-%D9%85%D8%B9-%D8%A5%D9%8A%D8%B1%D8%A7%D9%86 on URL https://alrai.com/article/10910070/%D8%B9%D8%B1%D8%A8%D9%8A-%D9%88%D8%AF%D9%88%D9%84%D9%8A/%D8%B1%D9%88%D8%A8%D9%8A%D9%88-%D9%88%D8%A7%D8%B4%D9%86%D8%B7%D9%86-%D9%85%D9%86%D9%81%D8%AA%D8%AD%D8%A9-%D8%B9%D9%84%D9%89-%D8%AA%D9%88%D8%A7%D8%B5%D9%84-%D9%85%D8%A8%D8%A7%D8%B4%D8%B1-%D9%85%D8%B9-%D8%A5%D9%8A%D8%B1%D8%A7%D9%86
5732,https://www.alweeam.com.sa/1193418/2025/%d8%aa%d8%b9%d8%a7%d9%88%d9%86-%d8%b3%d8%b9%d9%88%d8%af%d9%8a-%d8%b3%d9%88%d8%b1%d9%8a-%d8%a7%d8%aa%d9%81%d8%a7%d9%82%d9%8a%d8%a9-%d9%88%d9%85%d8%b0%d9%83%d8%b1%d8%a7%d8%aa-%d8%aa%d9%81%d8%a7%d9%87/,Article `download()` failed with 403 Client Error: Forbidden for url: https://www.alweeam.com.sa/1193418/2025/%D8%AA%D8%B9%D8%A7%D9%88%D9%86-%D8%B3%D8%B9%D9%88%D8%AF%D9%8A-%D8%B3%D9%88%D8%B1%D9%8A-%D8%A7%D8%AA%D9%81%D8%A7%D9%82%D9%8A%D8%A9-%D9%88%D9%85%D8%B0%D9%83%D8%B1%D8%A7%D8%AA-%D8%AA%D9%81%D8%A7%D9%87/ on URL https://www.alweeam.com.sa/1193418/2025/%d8%aa%d8%b9%d8%a7%d9%88%d9%86-%d8%b3%d8%b9%d9%88%d8%af%d9%8a-%d8%b3%d9%88%d8%b1%d9%8a-%d8%a7%d8%aa%d9%81%d8%a7%d9%82%d9%8a%d8%a9-%d9%88%d9%85%d8%b0%d9%83%d8%b1%d8%a7%d8%aa-%d8%aa%d9%81%d8%a7%d9%87/
5468,https://www.albayan.ae/economy/business/world-economy/417249,"Article `download()` failed with HTTPSConnectionPool(host='www.albayan.ae', port=443): Max retries exceeded with url: /economy/business/world-economy/417249 (Caused by NameResolutionError(""<urllib3.connection.HTTPSConnection object at 0x7ba3d8e8c080>: Failed to resolve 'www.albayan.ae' ([Errno -3] Temporary failure in name resolution)"")) on URL https://www.albayan.ae/economy/business/world-economy/417249"
11506,https://www.onearabia.me/local/hajj-and-umrah-minister-official-visit-kazakhstan-011-120463.html?28082025021539,Article `download()` failed with 403 Client Error: Forbidden for url: https://www.onearabia.me/local/hajj-and-umrah-minister-official-visit-kazakhstan-011-120463.html?28082025021539 on URL https://www.onearabia.me/local/hajj-and-umrah-minister-official-visit-kazakhstan-011-120463.html?28082025021539
336,https://alroya.om/post/371589/%D8%B9-%D9%85%D8%A7%D9%86-%D9%88%D8%A8%D9%88%D8%B1%D9%83%D9%8A%D9%86%D8%A7-%D9%81%D8%A7%D8%B3%D9%88-%D8%AA%D8%AF%D8%B4%D9%86%D8%A7%D9%86-%D8%A7%D8%B3%D8%AA%D8%AB%D9%85%D8%A7%D8%B1%D8%A7%D8%AA-%D9%81%D9%8A-%D8%AA%D8%B9%D8%AF%D9%8A%D9%86-%D8%A7%D9%84%D8%B0-%D9%87%D8%A8-%D9%88%D8%B2%D8%B1%D8%A7%D8%B9%D8%A9-%D8%A7%D9%84%D8%A3%D8%B1%D8%B2,"Article `download()` failed with HTTPSConnectionPool(host='alroya.om', port=443): Max retries exceeded with url: /post/371589/%D8%B9-%D9%85%D8%A7%D9%86-%D9%88%D8%A8%D9%88%D8%B1%D9%83%D9%8A%D9%86%D8%A7-%D9%81%D8%A7%D8%B3%D9%88-%D8%AA%D8%AF%D8%B4%D9%86%D8%A7%D9%86-%D8%A7%D8%B3%D8%AA%D8%AB%D9%85%D8%A7%D8%B1%D8%A7%D8%AA-%D9%81%D9%8A-%D8%AA%D8%B9%D8%AF%D9%8A%D9%86-%D8%A7%D9%84%D8%B0-%D9%87%D8%A8-%D9%88%D8%B2%D8%B1%D8%A7%D8%B9%D8%A9-%D8%A7%D9%84%D8%A3%D8%B1%D8%B2 (Caused by NameResolutionError(""<urllib3.connection.HTTPSConnection object at 0x7ba47c78f260>: Failed to resolve 'alroya.om' ([Errno -3] Temporary failure in name resolution)"")) on URL https://alroya.om/post/371589/%D8%B9-%D9%85%D8%A7%D9%86-%D9%88%D8%A8%D9%88%D8%B1%D9%83%D9%8A%D9%86%D8%A7-%D9%81%D8%A7%D8%B3%D9%88-%D8%AA%D8%AF%D8%B4%D9%86%D8%A7%D9%86-%D8%A7%D8%B3%D8%AA%D8%AB%D9%85%D8%A7%D8%B1%D8%A7%D8%AA-%D9%81%D9%8A-%D8%AA%D8%B9%D8%AF%D9%8A%D9%86-%D8%A7%D9%84%D8%B0-%D9%87%D8%A8-%D9%88%D8%B2%D8%B1%D8%A7%D8%B9%D8%A9-%D8%A7%D9%84%D8%A3%D8%B1%D8%B2"
6582,https://hormuz.news/%D8%B9%D8%B1%D8%A8%D9%89/%D8%B3%D9%8A%D8%A7%D8%B3%D8%A9/%D8%A3%D8%AE%D8%A8%D8%A7%D8%B1-%D8%B9%D8%A7%D9%84%D9%85%D9%8A%D8%A9/%D8%A8%D8%A7%D8%B3%D8%AA%D8%AB%D9%86%D8%A7%D8%A1-%D8%A7%D9%84%D9%88%D9%84%D8%A7%D9%8A%D8%A7%D8%AA-%D8%A7%D9%84%D9%85%D8%AA%D8%AD%D8%AF%D8%A9-%D8%AC%D9%85%D9%8A%D8%B9-%D8%A3%D8%B9%D8%B6%D8%A7%D8%A1/,"Article `download()` failed with HTTPSConnectionPool(host='hormuz.news', port=443): Max retries exceeded with url: /%D8%B9%D8%B1%D8%A8%D9%89/%D8%B3%D9%8A%D8%A7%D8%B3%D8%A9/%D8%A3%D8%AE%D8%A8%D8%A7%D8%B1-%D8%B9%D8%A7%D9%84%D9%85%D9%8A%D8%A9/%D8%A8%D8%A7%D8%B3%D8%AA%D8%AB%D9%86%D8%A7%D8%A1-%D8%A7%D9%84%D9%88%D9%84%D8%A7%D9%8A%D8%A7%D8%AA-%D8%A7%D9%84%D9%85%D8%AA%D8%AD%D8%AF%D8%A9-%D8%AC%D9%85%D9%8A%D8%B9-%D8%A3%D8%B9%D8%B6%D8%A7%D8%A1/ (Caused by NameResolutionError(""<urllib3.connection.HTTPSConnection object at 0x7ba3d6a57c20>: Failed to resolve 'hormuz.news' ([Errno -3] Temporary failure in name resolution)"")) on URL https://hormuz.news/%D8%B9%D8%B1%D8%A8%D9%89/%D8%B3%D9%8A%D8%A7%D8%B3%D8%A9/%D8%A3%D8%AE%D8%A8%D8%A7%D8%B1-%D8%B9%D8%A7%D9%84%D9%85%D9%8A%D8%A9/%D8%A8%D8%A7%D8%B3%D8%AA%D8%AB%D9%86%D8%A7%D8%A1-%D8%A7%D9%84%D9%88%D9%84%D8%A7%D9%8A%D8%A7%D8%AA-%D8%A7%D9%84%D9%85%D8%AA%D8%AD%D8%AF%D8%A9-%D8%AC%D9%85%D9%8A%D8%B9-%D8%A3%D8%B9%D8%B6%D8%A7%D8%A1/"
3160,https://www.sawtbeirut.com/world-news/%D8%B4%D9%87%D8%AF%D8%A7%D8%A1-%D9%85%D9%86-%D8%A7%D9%84%D9%86%D8%A7%D8%B2%D8%AD%D9%8A%D9%86-%D9%88%D8%B7%D8%A7%D9%84%D8%A8%D9%8A-%D9%85%D8%B3%D8%A7%D8%B9%D8%AF%D8%A7%D8%AA-%D8%AC%D8%B1%D8%A7%D8%A1/,Article `download()` failed with 403 Client Error: Forbidden for url: https://www.sawtbeirut.com/world-news/%D8%B4%D9%87%D8%AF%D8%A7%D8%A1-%D9%85%D9%86-%D8%A7%D9%84%D9%86%D8%A7%D8%B2%D8%AD%D9%8A%D9%86-%D9%88%D8%B7%D8%A7%D9%84%D8%A8%D9%8A-%D9%85%D8%B3%D8%A7%D8%B9%D8%AF%D8%A7%D8%AA-%D8%AC%D8%B1%D8%A7%D8%A1/ on URL https://www.sawtbeirut.com/world-news/%D8%B4%D9%87%D8%AF%D8%A7%D8%A1-%D9%85%D9%86-%D8%A7%D9%84%D9%86%D8%A7%D8%B2%D8%AD%D9%8A%D9%86-%D9%88%D8%B7%D8%A7%D9%84%D8%A8%D9%8A-%D9%85%D8%B3%D8%A7%D8%B9%D8%AF%D8%A7%D8%AA-%D8%AC%D8%B1%D8%A7%D8%A1/
6621,https://omannews.gov.om/topics/ar/5/show/455731,"Article `download()` failed with HTTPSConnectionPool(host='omannews.gov.om', port=443): Max retries exceeded with url: /topics/ar/5/show/455731 (Caused by SSLError(SSLCertVerificationError(1, '[SSL: CERTIFICATE_VERIFY_FAILED] certificate verify failed: unable to get local issuer certificate (_ssl.c:1000)'))) on URL https://omannews.gov.om/topics/ar/5/show/455731"
6919,https://www.mobtada.com/sports/1537388/%D8%A7%D9%84%D8%A3%D8%B9%D9%84%D9%89-%D9%84%D9%84%D8%A5%D8%B9%D9%84%D8%A7%D9%85-%D9%8A%D9%86%D8%A7%D9%82%D8%B4-%D8%B3%D8%A8%D9%84-%D9%85%D9%88%D8%A7%D8%AC%D9%87%D8%A9-%D8%A7%D9%84%D8%A7%D9%86%D8%AD%D9%8A%D8%A7%D8%B2-%D9%88%D8%AA%D8%A3%D8%AC%D9%8A%D8%AC-%D8%A7%D9%84%D8%AA%D8%B9%D8%B5%D8%A8,Article `download()` failed with 403 Client Error: Forbidden for url: https://www.mobtada.com/sports/1537388/%D8%A7%D9%84%D8%A3%D8%B9%D9%84%D9%89-%D9%84%D9%84%D8%A5%D8%B9%D9%84%D8%A7%D9%85-%D9%8A%D9%86%D8%A7%D9%82%D8%B4-%D8%B3%D8%A8%D9%84-%D9%85%D9%88%D8%A7%D8%AC%D9%87%D8%A9-%D8%A7%D9%84%D8%A7%D9%86%D8%AD%D9%8A%D8%A7%D8%B2-%D9%88%D8%AA%D8%A3%D8%AC%D9%8A%D8%AC-%D8%A7%D9%84%D8%AA%D8%B9%D8%B5%D8%A8 on URL https://www.mobtada.com/sports/1537388/%D8%A7%D9%84%D8%A3%D8%B9%D9%84%D9%89-%D9%84%D9%84%D8%A5%D8%B9%D9%84%D8%A7%D9%85-%D9%8A%D9%86%D8%A7%D9%82%D8%B4-%D8%B3%D8%A8%D9%84-%D9%85%D9%88%D8%A7%D8%AC%D9%87%D8%A9-%D8%A7%D9%84%D8%A7%D9%86%D8%AD%D9%8A%D8%A7%D8%B2-%D9%88%D8%AA%D8%A3%D8%AC%D9%8A%D8%AC-%D8%A7%D9%84%D8%AA%D8%B9%D8%B5%D8%A8
7265,https://www.egypttoday.com/Article/1/141943/25th-%E2%80%98Zad-al-Izza%E2%80%99-aid-convoy-enters-Gaza,Article `download()` failed with 403 Client Error: Forbidden for url: https://www.egypttoday.com/Article/1/141943/25th-%E2%80%98Zad-al-Izza%E2%80%99-aid-convoy-enters-Gaza on URL https://www.egypttoday.com/Article/1/141943/25th-%E2%80%98Zad-al-Izza%E2%80%99-aid-convoy-enters-Gaza
1119,https://alrai.com/article/10909483/%D8%B9%D8%B1%D8%A8%D9%8A-%D9%88%D8%AF%D9%88%D9%84%D9%8A/%D8%A7%D8%B3%D8%AA%D8%B4%D9%87%D8%A7%D8%AF-4-%D9%81%D9%84%D8%B3%D8%B7%D9%8A%D9%86%D9%8A%D9%8A%D9%86-%D9%85%D9%86-%D9%85%D9%86%D8%AA%D8%B8%D8%B1%D9%8A-%D8%A7%D9%84%D9%85%D8%B3%D8%A7%D8%B9%D8%AF%D8%A7%D8%AA-%D8%A8%D8%B1%D8%B5%D8%A7%D8%B5-%D8%A7%D9%84%D8%A7%D8%AD%D8%AA%D9%84%D8%A7%D9%84-%D9%81%D9%8A-%D8%AE%D8%A7%D9%86-%D9%8A%D9%88%D9%86%D8%B3,Article `download()` failed with 403 Client Error: Forbidden for url: https://alrai.com/article/10909483/%D8%B9%D8%B1%D8%A8%D9%8A-%D9%88%D8%AF%D9%88%D9%84%D9%8A/%D8%A7%D8%B3%D8%AA%D8%B4%D9%87%D8%A7%D8%AF-4-%D9%81%D9%84%D8%B3%D8%B7%D9%8A%D9%86%D9%8A%D9%8A%D9%86-%D9%85%D9%86-%D9%85%D9%86%D8%AA%D8%B8%D8%B1%D9%8A-%D8%A7%D9%84%D9%85%D8%B3%D8%A7%D8%B9%D8%AF%D8%A7%D8%AA-%D8%A8%D8%B1%D8%B5%D8%A7%D8%B5-%D8%A7%D9%84%D8%A7%D8%AD%D8%AA%D9%84%D8%A7%D9%84-%D9%81%D9%8A-%D8%AE%D8%A7%D9%86-%D9%8A%D9%88%D9%86%D8%B3 on URL https://alrai.com/article/10909483/%D8%B9%D8%B1%D8%A8%D9%8A-%D9%88%D8%AF%D9%88%D9%84%D9%8A/%D8%A7%D8%B3%D8%AA%D8%B4%D9%87%D8%A7%D8%AF-4-%D9%81%D9%84%D8%B3%D8%B7%D9%8A%D9%86%D9%8A%D9%8A%D9%86-%D9%85%D9%86-%D9%85%D9%86%D8%AA%D8%B8%D8%B1%D9%8A-%D8%A7%D9%84%D9%85%D8%B3%D8%A7%D8%B9%D8%AF%D8%A7%D8%AA-%D8%A8%D8%B1%D8%B5%D8%A7%D8%B5-%D8%A7%D9%84%D8%A7%D8%AD%D8%AA%D9%84%D8%A7%D9%84-%D9%81%D9%8A-%D8%AE%D8%A7%D9%86-%D9%8A%D9%88%D9%86%D8%B3
5736,https://www.alweeam.com.sa/1193326/2025/1193326/,Article `download()` failed with 403 Client Error: Forbidden for url: https://www.alweeam.com.sa/1193326/2025/1193326/ on URL https://www.alweeam.com.sa/1193326/2025/1193326/
6621,https://omannews.gov.om/topics/ar/7/show/455747,"Article `download()` failed with HTTPSConnectionPool(host='omannews.gov.om', port=443): Max retries exceeded with url: /topics/ar/7/show/455747 (Caused by SSLError(SSLCertVerificationError(1, '[SSL: CERTIFICATE_VERIFY_FAILED] certificate verify failed: unable to get local issuer certificate (_ssl.c:1000)'))) on URL https://omannews.gov.om/topics/ar/7/show/455747"
9465,https://cnnbusinessarabic.com/tags/%D8%B7%D9%8A%D8%B1%D8%A7%D9%86-%D9%86%D8%A7%D8%B3,Article `download()` failed with 403 Client Error: Forbidden for url: https://cnnbusinessarabic.com/tags/%D8%B7%D9%8A%D8%B1%D8%A7%D9%86-%D9%86%D8%A7%D8%B3 on URL https://cnnbusinessarabic.com/tags/%D8%B7%D9%8A%D8%B1%D8%A7%D9%86-%D9%86%D8%A7%D8%B3
5735,https://www.alweeam.com.sa/1193130/2025/%d8%a3%d9%85%d8%b7%d8%a7%d8%b1-%d8%b1%d8%b9%d8%af%d9%8a%d8%a9-%d9%85%d8%b3%d8%aa%d9%85%d8%b1%d8%a9-%d8%b9%d9%84%d9%89-%d9%85%d8%b9%d8%b8%d9%85-%d8%a7%d9%84%d9%85%d9%86%d8%a7%d8%b7%d9%82-%d8%ad%d8%aa/,Article `download()` failed with 403 Client Error: Forbidden for url: https://www.alweeam.com.sa/1193130/2025/%D8%A3%D9%85%D8%B7%D8%A7%D8%B1-%D8%B1%D8%B9%D8%AF%D9%8A%D8%A9-%D9%85%D8%B3%D8%AA%D9%85%D8%B1%D8%A9-%D8%B9%D9%84%D9%89-%D9%85%D8%B9%D8%B8%D9%85-%D8%A7%D9%84%D9%85%D9%86%D8%A7%D8%B7%D9%82-%D8%AD%D8%AA/ on URL https://www.alweeam.com.sa/1193130/2025/%d8%a3%d9%85%d8%b7%d8%a7%d8%b1-%d8%b1%d8%b9%d8%af%d9%8a%d8%a9-%d9%85%d8%b3%d8%aa%d9%85%d8%b1%d8%a9-%d8%b9%d9%84%d9%89-%d9%85%d8%b9%d8%b8%d9%85-%d8%a7%d9%84%d9%85%d9%86%d8%a7%d8%b7%d9%82-%d8%ad%d8%aa/
4021,https://arabic.onearabia.me/local/emirati-womens-forum-dubai-women-establishment-011-94303.html,Article `download()` failed with 403 Client Error: Forbidden for url: https://arabic.onearabia.me/local/emirati-womens-forum-dubai-women-establishment-011-94303.html on URL https://arabic.onearabia.me/local/emirati-womens-forum-dubai-women-establishment-011-94303.html
5137,https://ca.investing.com/news/company-news/blackrock-discloses-152-stake-in-mural-oncology-93CH-4180672,Article `download()` failed with 403 Client Error: Forbidden for url: https://ca.investing.com/news/company-news/blackrock-discloses-152-stake-in-mural-oncology-93CH-4180672 on URL https://ca.investing.com/news/company-news/blackrock-discloses-152-stake-in-mural-oncology-93CH-4180672
5735,https://www.alweeam.com.sa/1193403/2025/%d8%ae%d8%a7%d8%af%d9%85-%d8%a7%d9%84%d8%ad%d8%b1%d9%85%d9%8a%d9%86-%d9%8a%d8%b5%d9%84-%d8%a5%d9%84%d9%89-%d8%a7%d9%84%d8%b1%d9%8a%d8%a7%d8%b6-%d9%82%d8%a7%d8%af%d9%85%d9%8b%d8%a7-%d9%85%d9%86-%d8%ac/,Article `download()` failed with 403 Client Error: Forbidden for url: https://www.alweeam.com.sa/1193403/2025/%D8%AE%D8%A7%D8%AF%D9%85-%D8%A7%D9%84%D8%AD%D8%B1%D9%85%D9%8A%D9%86-%D9%8A%D8%B5%D9%84-%D8%A5%D9%84%D9%89-%D8%A7%D9%84%D8%B1%D9%8A%D8%A7%D8%B6-%D9%82%D8%A7%D8%AF%D9%85%D9%8B%D8%A7-%D9%85%D9%86-%D8%AC/ on URL https://www.alweeam.com.sa/1193403/2025/%d8%ae%d8%a7%d8%af%d9%85-%d8%a7%d9%84%d8%ad%d8%b1%d9%85%d9%8a%d9%86-%d9%8a%d8%b5%d9%84-%d8%a5%d9%84%d9%89-%d8%a7%d9%84%d8%b1%d9%8a%d8%a7%d8%b6-%d9%82%d8%a7%d8%af%d9%85%d9%8b%d8%a7-%d9%85%d9%86-%d8%ac/
4460,https://www.alaraby.co.uk/sport/%D8%A8%D9%8A%D8%AA%D9%83%D9%88%D9%81%D9%8A%D8%AA%D8%B4-%D9%87%D8%B0%D8%A7-%D8%B3%D8%A8%D8%A8-%D8%AF%D8%B9%D9%88%D8%A9-%D8%A2%D9%8A%D8%AA-%D9%86%D9%88%D8%B1%D9%8A-%D8%B1%D8%BA%D9%85-%D8%A7%D9%84%D8%A5%D8%B5%D8%A7%D8%A8%D8%A9,"Article `download()` failed with HTTPSConnectionPool(host='www.alaraby.co.uk', port=443): Max retries exceeded with url: /sport/%D8%A8%D9%8A%D8%AA%D9%83%D9%88%D9%81%D9%8A%D8%AA%D8%B4-%D9%87%D8%B0%D8%A7-%D8%B3%D8%A8%D8%A8-%D8%AF%D8%B9%D9%88%D8%A9-%D8%A2%D9%8A%D8%AA-%D9%86%D9%88%D8%B1%D9%8A-%D8%B1%D8%BA%D9%85-%D8%A7%D9%84%D8%A5%D8%B5%D8%A7%D8%A8%D8%A9 (Caused by SSLError(SSLCertVerificationError(1, '[SSL: CERTIFICATE_VERIFY_FAILED] certificate verify failed: unable to get local issuer certificate (_ssl.c:1000)'))) on URL https://www.alaraby.co.uk/sport/%D8%A8%D9%8A%D8%AA%D9%83%D9%88%D9%81%D9%8A%D8%AA%D8%B4-%D9%87%D8%B0%D8%A7-%D8%B3%D8%A8%D8%A8-%D8%AF%D8%B9%D9%88%D8%A9-%D8%A2%D9%8A%D8%AA-%D9%86%D9%88%D8%B1%D9%8A-%D8%B1%D8%BA%D9%85-%D8%A7%D9%84%D8%A5%D8%B5%D8%A7%D8%A8%D8%A9"
2234,https://www.iraqinews.com/world/macron-gives-full-support-to-embattled-pm-as-crisis-looms-in-france/,Article `download()` failed with 403 Client Error: Forbidden for url: https://www.iraqinews.com/world/macron-gives-full-support-to-embattled-pm-as-crisis-looms-in-france/ on URL https://www.iraqinews.com/world/macron-gives-full-support-to-embattled-pm-as-crisis-looms-in-france/
2276,https://ina.iq/ar/international/242023-.html,Article `download()` failed with 403 Client Error: Forbidden for url: https://ina.iq/ar/international/242023-.html on URL https://ina.iq/ar/international/242023-.html
4022,https://arabic.onearabia.me/local/emirati-womens-day-pride-achievements-011-94255.html,Article `download()` failed with 403 Client Error: Forbidden for url: https://arabic.onearabia.me/local/emirati-womens-day-pride-achievements-011-94255.html on URL https://arabic.onearabia.me/local/emirati-womens-day-pride-achievements-011-94255.html
2220,https://www.arabianbusiness.com/industries/real-estate/dubai-real-estate-beyond-developments-launches-regions-first-forest-district-by-sea,Article `download()` failed with 403 Client Error: Forbidden for url: https://www.arabianbusiness.com/industries/real-estate/dubai-real-estate-beyond-developments-launches-regions-first-forest-district-by-sea on URL https://www.arabianbusiness.com/industries/real-estate/dubai-real-estate-beyond-developments-launches-regions-first-forest-district-by-sea
7069,https://www.alarabiya.net/aswaq/financial-markets/2025/08/28/-%D8%B4%D9%8A%D8%B1%D9%8A-%D9%84%D9%84%D8%B3%D9%8A%D8%A7%D8%B1%D8%A7%D8%AA-%D8%A7%D9%84%D8%B5%D9%8A%D9%86%D9%8A%D8%A9-%D8%AA%D8%B3%D8%AA%D8%B9%D8%AF-%D9%84%D8%B7%D8%B1%D8%AD-%D8%B9%D8%A7%D9%85-%D8%A7%D9%88%D9%84%D9%8A-%D9%82%D8%AF-%D9%8A%D8%AC%D9%85%D8%B9-15-%D9%85%D9%84%D9%8A%D8%A7%D8%B1-%D8%AF%D9%88%D9%84%D8%A7%D8%B1-%D9%81%D9%8A-%D8%B3%D8%A8%D8%AA%D9%85%D8%A8%D8%B1,Article `download()` failed with 403 Client Error: Forbidden for url: https://www.alarabiya.net/aswaq/financial-markets/2025/08/28/-%D8%B4%D9%8A%D8%B1%D9%8A-%D9%84%D9%84%D8%B3%D9%8A%D8%A7%D8%B1%D8%A7%D8%AA-%D8%A7%D9%84%D8%B5%D9%8A%D9%86%D9%8A%D8%A9-%D8%AA%D8%B3%D8%AA%D8%B9%D8%AF-%D9%84%D8%B7%D8%B1%D8%AD-%D8%B9%D8%A7%D9%85-%D8%A7%D9%88%D9%84%D9%8A-%D9%82%D8%AF-%D9%8A%D8%AC%D9%85%D8%B9-15-%D9%85%D9%84%D9%8A%D8%A7%D8%B1-%D8%AF%D9%88%D9%84%D8%A7%D8%B1-%D9%81%D9%8A-%D8%B3%D8%A8%D8%AA%D9%85%D8%A8%D8%B1 on URL https://www.alarabiya.net/aswaq/financial-markets/2025/08/28/-%D8%B4%D9%8A%D8%B1%D9%8A-%D9%84%D9%84%D8%B3%D9%8A%D8%A7%D8%B1%D8%A7%D8%AA-%D8%A7%D9%84%D8%B5%D9%8A%D9%86%D9%8A%D8%A9-%D8%AA%D8%B3%D8%AA%D8%B9%D8%AF-%D9%84%D8%B7%D8%B1%D8%AD-%D8%B9%D8%A7%D9%85-%D8%A7%D9%88%D9%84%D9%8A-%D9%82%D8%AF-%D9%8A%D8%AC%D9%85%D8%B9-15-%D9%85%D9%84%D9%8A%D8%A7%D8%B1-%D8%AF%D9%88%D9%84%D8%A7%D8%B1-%D9%81%D9%8A-%D8%B3%D8%A8%D8%AA%D9%85%D8%A8%D8%B1
170,https://www.elmydannews.com/236261,"Article `download()` failed with HTTPSConnectionPool(host='www.elmydannews.com', port=443): Read timed out. (read timeout=15) on URL https://www.elmydannews.com/236261"
1118,https://alrai.com/article/10909654/%D8%A5%D9%82%D8%AA%D8%B5%D8%A7%D8%AF/%D8%A7%D8%AA%D9%81%D8%A7%D9%82%D9%8A%D8%A9-%D9%84%D8%A5%D9%86%D8%B4%D8%A7%D8%A1-%D8%B4%D8%B1%D9%83%D8%A9-%D8%A3%D8%B1%D8%AF%D9%86%D9%8A%D8%A9-%D9%83%D8%A7%D8%B2%D8%AE%D8%B3%D8%AA%D8%A7%D9%86%D9%8A%D8%A9-%D8%A8%D9%87%D8%AF%D9%81-%D8%A5%D9%86%D8%AA%D8%A7%D8%AC-%D8%A7%D9%84%D9%8A%D9%88%D8%B1%D8%A7%D9%86%D9%8A%D9%88%D9%85-%D9%88%D8%AA%D8%B3%D9%88%D9%8A%D9%82%D9%87-%D8%B9%D8%A7%D9%84%D9%85%D9%8A%D8%A7,Article `download()` failed with 403 Client Error: Forbidden for url: https://alrai.com/article/10909654/%D8%A5%D9%82%D8%AA%D8%B5%D8%A7%D8%AF/%D8%A7%D8%AA%D9%81%D8%A7%D9%82%D9%8A%D8%A9-%D9%84%D8%A5%D9%86%D8%B4%D8%A7%D8%A1-%D8%B4%D8%B1%D9%83%D8%A9-%D8%A3%D8%B1%D8%AF%D9%86%D9%8A%D8%A9-%D9%83%D8%A7%D8%B2%D8%AE%D8%B3%D8%AA%D8%A7%D9%86%D9%8A%D8%A9-%D8%A8%D9%87%D8%AF%D9%81-%D8%A5%D9%86%D8%AA%D8%A7%D8%AC-%D8%A7%D9%84%D9%8A%D9%88%D8%B1%D8%A7%D9%86%D9%8A%D9%88%D9%85-%D9%88%D8%AA%D8%B3%D9%88%D9%8A%D9%82%D9%87-%D8%B9%D8%A7%D9%84%D9%85%D9%8A%D8%A7 on URL https://alrai.com/article/10909654/%D8%A5%D9%82%D8%AA%D8%B5%D8%A7%D8%AF/%D8%A7%D8%AA%D9%81%D8%A7%D9%82%D9%8A%D8%A9-%D9%84%D8%A5%D9%86%D8%B4%D8%A7%D8%A1-%D8%B4%D8%B1%D9%83%D8%A9-%D8%A3%D8%B1%D8%AF%D9%86%D9%8A%D8%A9-%D9%83%D8%A7%D8%B2%D8%AE%D8%B3%D8%AA%D8%A7%D9%86%D9%8A%D8%A9-%D8%A8%D9%87%D8%AF%D9%81-%D8%A5%D9%86%D8%AA%D8%A7%D8%AC-%D8%A7%D9%84%D9%8A%D9%88%D8%B1%D8%A7%D9%86%D9%8A%D9%88%D9%85-%D9%88%D8%AA%D8%B3%D9%88%D9%8A%D9%82%D9%87-%D8%B9%D8%A7%D9%84%D9%85%D9%8A%D8%A7
7832,https://www.alghad.tv/%D8%A3%D8%AE%D8%A8%D8%A7%D8%B1-%D8%A7%D9%84%D8%BA%D8%AF/news/%D9%82%D8%A8%D9%84-%D8%A7%D8%AC%D8%AA%D9%85%D8%A7%D8%B9-%D9%8A%D9%82%D9%88%D8%AF%D9%87-%D8%AA%D8%B1%D9%85%D8%A8-%D8%A7%D9%84%D8%AC%D9%8A%D8%B4-%D8%A7%D9%84%D8%A5%D8%B3%D8%B1%D8%A7%D8%A6%D9%8A%D9%84%D9%8A-%D9%84%D8%A7-%D9%85%D9%81%D8%B1-%D9%85%D9%86-%D8%A7%D8%AD%D8%AA%D9%84%D8%A7%D9%84-%D8%BA%D8%B2%D8%A9,Article `download()` failed with 403 Client Error: Forbidden for url: https://www.alghad.tv/%D8%A3%D8%AE%D8%A8%D8%A7%D8%B1-%D8%A7%D9%84%D8%BA%D8%AF/news/%D9%82%D8%A8%D9%84-%D8%A7%D8%AC%D8%AA%D9%85%D8%A7%D8%B9-%D9%8A%D9%82%D9%88%D8%AF%D9%87-%D8%AA%D8%B1%D9%85%D8%A8-%D8%A7%D9%84%D8%AC%D9%8A%D8%B4-%D8%A7%D9%84%D8%A5%D8%B3%D8%B1%D8%A7%D8%A6%D9%8A%D9%84%D9%8A-%D9%84%D8%A7-%D9%85%D9%81%D8%B1-%D9%85%D9%86-%D8%A7%D8%AD%D8%AA%D9%84%D8%A7%D9%84-%D8%BA%D8%B2%D8%A9 on URL https://www.alghad.tv/%D8%A3%D8%AE%D8%A8%D8%A7%D8%B1-%D8%A7%D9%84%D8%BA%D8%AF/news/%D9%82%D8%A8%D9%84-%D8%A7%D8%AC%D8%AA%D9%85%D8%A7%D8%B9-%D9%8A%D9%82%D9%88%D8%AF%D9%87-%D8%AA%D8%B1%D9%85%D8%A8-%D8%A7%D9%84%D8%AC%D9%8A%D8%B4-%D8%A7%D9%84%D8%A5%D8%B3%D8%B1%D8%A7%D8%A6%D9%8A%D9%84%D9%8A-%D9%84%D8%A7-%D9%85%D9%81%D8%B1-%D9%85%D9%86-%D8%A7%D8%AD%D8%AA%D9%84%D8%A7%D9%84-%D8%BA%D8%B2%D8%A9
4460,https://www.alaraby.co.uk/economy/%D9%83%D9%85-%D9%8A%D8%AC%D8%A8-%D8%B9%D9%84%D9%8A%D9%83-%D8%A3%D9%86-%D8%AA%D8%AF%D8%AE%D8%B1-%D9%84%D8%AA%D9%83%D9%88%D9%86-%D8%B6%D9%85%D9%86-%D8%A7%D9%84%D9%85%D8%AA%D9%88%D8%B3%D8%B7-%D8%A7%D9%84%D8%B9%D8%A7%D9%84%D9%85%D9%8A-%D8%B9%D9%86%D8%AF-%D8%A7%D9%84%D8%AA%D9%82%D8%A7%D8%B9%D8%AF,"Article `download()` failed with HTTPSConnectionPool(host='www.alaraby.co.uk', port=443): Max retries exceeded with url: /economy/%D9%83%D9%85-%D9%8A%D8%AC%D8%A8-%D8%B9%D9%84%D9%8A%D9%83-%D8%A3%D9%86-%D8%AA%D8%AF%D8%AE%D8%B1-%D9%84%D8%AA%D9%83%D9%88%D9%86-%D8%B6%D9%85%D9%86-%D8%A7%D9%84%D9%85%D8%AA%D9%88%D8%B3%D8%B7-%D8%A7%D9%84%D8%B9%D8%A7%D9%84%D9%85%D9%8A-%D8%B9%D9%86%D8%AF-%D8%A7%D9%84%D8%AA%D9%82%D8%A7%D8%B9%D8%AF (Caused by SSLError(SSLCertVerificationError(1, '[SSL: CERTIFICATE_VERIFY_FAILED] certificate verify failed: unable to get local issuer certificate (_ssl.c:1000)'))) on URL https://www.alaraby.co.uk/economy/%D9%83%D9%85-%D9%8A%D8%AC%D8%A8-%D8%B9%D9%84%D9%8A%D9%83-%D8%A3%D9%86-%D8%AA%D8%AF%D8%AE%D8%B1-%D9%84%D8%AA%D9%83%D9%88%D9%86-%D8%B6%D9%85%D9%86-%D8%A7%D9%84%D9%85%D8%AA%D9%88%D8%B3%D8%B7-%D8%A7%D9%84%D8%B9%D8%A7%D9%84%D9%85%D9%8A-%D8%B9%D9%86%D8%AF-%D8%A7%D9%84%D8%AA%D9%82%D8%A7%D8%B9%D8%AF"
9500,https://web.almwatenalmasry.com/153224,"Article `download()` failed with HTTPSConnectionPool(host='web.almwatenalmasry.com', port=443): Max retries exceeded with url: /153224 (Caused by NameResolutionError(""<urllib3.connection.HTTPSConnection object at 0x7ba3d691eab0>: Failed to resolve 'web.almwatenalmasry.com' ([Errno -2] Name or service not known)"")) on URL https://web.almwatenalmasry.com/153224"
9496,https://web.almwatenalmasry.com/153214,"Article `download()` failed with HTTPSConnectionPool(host='web.almwatenalmasry.com', port=443): Max retries exceeded with url: /153214 (Caused by NameResolutionError(""<urllib3.connection.HTTPSConnection object at 0x7ba3d6a44350>: Failed to resolve 'web.almwatenalmasry.com' ([Errno -2] Name or service not known)"")) on URL https://web.almwatenalmasry.com/153214"
2687,https://qna.org.qa/ar-QA/News-Area/News/2025-8/28/وزير-الخارجية-المصري-لـقنا-لدينا-حرص-مشترك-على-الارتقاء-بالعلاقات-الثنايية-مع-دولة-قطر-في-كافة-المجالات,"Article `download()` failed with HTTPSConnectionPool(host='qna.org.qa', port=443): Max retries exceeded with url: /ar-QA/News-Area/News/2025-8/28/%D9%88%D8%B2%D9%8A%D8%B1-%D8%A7%D9%84%D8%AE%D8%A7%D8%B1%D8%AC%D9%8A%D8%A9-%D8%A7%D9%84%D9%85%D8%B5%D8%B1%D9%8A-%D9%84%D9%80%D9%82%D9%86%D8%A7-%D9%84%D8%AF%D9%8A%D9%86%D8%A7-%D8%AD%D8%B1%D8%B5-%D9%85%D8%B4%D8%AA%D8%B1%D9%83-%D8%B9%D9%84%D9%89-%D8%A7%D9%84%D8%A7%D8%B1%D8%AA%D9%82%D8%A7%D8%A1-%D8%A8%D8%A7%D9%84%D8%B9%D9%84%D8%A7%D9%82%D8%A7%D8%AA-%D8%A7%D9%84%D8%AB%D9%86%D8%A7%D9%8A%D9%8A%D8%A9-%D9%85%D8%B9-%D8%AF%D9%88%D9%84%D8%A9-%D9%82%D8%B7%D8%B1-%D9%81%D9%8A-%D9%83%D8%A7%D9%81%D8%A9-%D8%A7%D9%84%D9%85%D8%AC%D8%A7%D9%84%D8%A7%D8%AA (Caused by SSLError(SSLCertVerificationError(1, '[SSL: CERTIFICATE_VERIFY_FAILED] certificate verify failed: unable to get local issuer certificate (_ssl.c:1000)'))) on URL https://qna.org.qa/ar-QA/News-Area/News/2025-8/28/وزير-الخارجية-المصري-لـقنا-لدينا-حرص-مشترك-على-الارتقاء-بالعلاقات-الثنايية-مع-دولة-قطر-في-كافة-المجالات"
3782,https://news.sabaq24.com/9118/%d8%a7%d9%84%d9%88%d9%8a%d9%83%d8%a7-%d8%a7%d9%84%d8%b5%d8%b9%d9%8a%d8%af%d9%8a-%d8%b9%d9%84%d9%89-%d8%a3%d8%b5%d9%88%d9%84%d9%87%d8%a7-%d8%a5%d9%84%d9%8a%d9%83-%d8%b3%d8%b1-%d8%b7%d8%b4%d8%a9-%d8%a7/,Article `download()` failed with 500 Server Error: Internal Server Error for url: https://news.sabaq24.com/9118/%D8%A7%D9%84%D9%88%D9%8A%D9%83%D8%A7-%D8%A7%D9%84%D8%B5%D8%B9%D9%8A%D8%AF%D9%8A-%D8%B9%D9%84%D9%89-%D8%A3%D8%B5%D9%88%D9%84%D9%87%D8%A7-%D8%A5%D9%84%D9%8A%D9%83-%D8%B3%D8%B1-%D8%B7%D8%B4%D8%A9-%D8%A7/ on URL https://news.sabaq24.com/9118/%d8%a7%d9%84%d9%88%d9%8a%d9%83%d8%a7-%d8%a7%d9%84%d8%b5%d8%b9%d9%8a%d8%af%d9%8a-%d8%b9%d9%84%d9%89-%d8%a3%d8%b5%d9%88%d9%84%d9%87%d8%a7-%d8%a5%d9%84%d9%8a%d9%83-%d8%b3%d8%b1-%d8%b7%d8%b4%d8%a9-%d8%a7/
8323,https://www.alriyadh.com/2148085,"Article `download()` failed with HTTPSConnectionPool(host='www.alriyadh.com', port=443): Max retries exceeded with url: /2148085 (Caused by SSLError(SSLCertVerificationError(1, '[SSL: CERTIFICATE_VERIFY_FAILED] certificate verify failed: unable to get local issuer certificate (_ssl.c:1000)'))) on URL https://www.alriyadh.com/2148085"
6878,http://english.mubasher.info/news/4491943/-De-Registration-of-Tharwa-Investment-Company-as-a-Market-Maker-on-Beyout-Holding-Company,Article `download()` failed with 410 Client Error: Gone for url: https://english.mubasher.info/news/4491943/-De-Registration-of-Tharwa-Investment-Company-as-a-Market-Maker-on-Beyout-Holding-Company on URL http://english.mubasher.info/news/4491943/-De-Registration-of-Tharwa-Investment-Company-as-a-Market-Maker-on-Beyout-Holding-Company
9496,https://web.almwatenalmasry.com/153236,"Article `download()` failed with HTTPSConnectionPool(host='web.almwatenalmasry.com', port=443): Max retries exceeded with url: /153236 (Caused by NameResolutionError(""<urllib3.connection.HTTPSConnection object at 0x7ba3d808dee0>: Failed to resolve 'web.almwatenalmasry.com' ([Errno -2] Name or service not known)"")) on URL https://web.almwatenalmasry.com/153236"
9496,https://web.almwatenalmasry.com/153164,"Article `download()` failed with HTTPSConnectionPool(host='web.almwatenalmasry.com', port=443): Max retries exceeded with url: /153164 (Caused by NameResolutionError(""<urllib3.connection.HTTPSConnection object at 0x7ba3d7e86060>: Failed to resolve 'web.almwatenalmasry.com' ([Errno -2] Name or service not known)"")) on URL https://web.almwatenalmasry.com/153164"
7834,https://www.alghad.tv/%D8%A3%D8%AE%D8%A8%D8%A7%D8%B1-%D8%A7%D9%84%D8%BA%D8%AF/news/%D8%A7%D9%84%D8%AC%D9%8A%D8%B4-%D8%A7%D9%84%D9%84%D8%A8%D9%86%D8%A7%D9%86%D9%8A-%D9%8A%D8%AA%D8%B3%D9%84%D9%85-%D8%A7%D9%84%D8%AF%D9%81%D8%B9%D8%A9-%D8%A7%D9%84%D8%AB%D8%A7%D9%86%D9%8A%D8%A9-%D9%85%D9%86-%D8%B3%D9%84%D8%A7%D8%AD-%D8%A7%D9%84%D9%85%D8%AE%D9%8A%D9%85%D8%A7%D8%AA-%D8%A7%D9%84%D9%81%D9%84%D8%B3%D8%B7%D9%8A%D9%86%D9%8A%D8%A9,Article `download()` failed with 403 Client Error: Forbidden for url: https://www.alghad.tv/%D8%A3%D8%AE%D8%A8%D8%A7%D8%B1-%D8%A7%D9%84%D8%BA%D8%AF/news/%D8%A7%D9%84%D8%AC%D9%8A%D8%B4-%D8%A7%D9%84%D9%84%D8%A8%D9%86%D8%A7%D9%86%D9%8A-%D9%8A%D8%AA%D8%B3%D9%84%D9%85-%D8%A7%D9%84%D8%AF%D9%81%D8%B9%D8%A9-%D8%A7%D9%84%D8%AB%D8%A7%D9%86%D9%8A%D8%A9-%D9%85%D9%86-%D8%B3%D9%84%D8%A7%D8%AD-%D8%A7%D9%84%D9%85%D8%AE%D9%8A%D9%85%D8%A7%D8%AA-%D8%A7%D9%84%D9%81%D9%84%D8%B3%D8%B7%D9%8A%D9%86%D9%8A%D8%A9 on URL https://www.alghad.tv/%D8%A3%D8%AE%D8%A8%D8%A7%D8%B1-%D8%A7%D9%84%D8%BA%D8%AF/news/%D8%A7%D9%84%D8%AC%D9%8A%D8%B4-%D8%A7%D9%84%D9%84%D8%A8%D9%86%D8%A7%D9%86%D9%8A-%D9%8A%D8%AA%D8%B3%D9%84%D9%85-%D8%A7%D9%84%D8%AF%D9%81%D8%B9%D8%A9-%D8%A7%D9%84%D8%AB%D8%A7%D9%86%D9%8A%D8%A9-%D9%85%D9%86-%D8%B3%D9%84%D8%A7%D8%AD-%D8%A7%D9%84%D9%85%D8%AE%D9%8A%D9%85%D8%A7%D8%AA-%D8%A7%D9%84%D9%81%D9%84%D8%B3%D8%B7%D9%8A%D9%86%D9%8A%D8%A9
4182,https://newsfall.news/Home/ViewNews/10836214,"Article `download()` failed with HTTPSConnectionPool(host='newsfall.news', port=443): Max retries exceeded with url: /Home/ViewNews/10836214 (Caused by NameResolutionError(""<urllib3.connection.HTTPSConnection object at 0x7ba3d71bca40>: Failed to resolve 'newsfall.news' ([Errno -3] Temporary failure in name resolution)"")) on URL https://newsfall.news/Home/ViewNews/10836214"
6621,https://omannews.gov.om/topics/ar/7/show/455734,"Article `download()` failed with HTTPSConnectionPool(host='omannews.gov.om', port=443): Max retries exceeded with url: /topics/ar/7/show/455734 (Caused by SSLError(SSLCertVerificationError(1, '[SSL: CERTIFICATE_VERIFY_FAILED] certificate verify failed: unable to get local issuer certificate (_ssl.c:1000)'))) on URL https://omannews.gov.om/topics/ar/7/show/455734"
3918,https://misralbalad.com/%d8%a7%d9%84%d9%83%d8%a7%d8%b3-%d8%ac%d8%a7%d9%87%d8%b2%d9%88%d9%86-%d9%84%d9%84%d9%85%d9%86%d8%a7%d9%81%d8%b3%d8%a9-%d8%a8%d9%82%d9%88%d8%a9-%d9%81%d9%8a-%d8%a8%d8%b7%d9%88%d9%84%d8%a9-%d9%83%d8%a3/,"Article `download()` failed with HTTPSConnectionPool(host='misralbalad.com', port=443): Read timed out. (read timeout=15) on URL https://misralbalad.com/%d8%a7%d9%84%d9%83%d8%a7%d8%b3-%d8%ac%d8%a7%d9%87%d8%b2%d9%88%d9%86-%d9%84%d9%84%d9%85%d9%86%d8%a7%d9%81%d8%b3%d8%a9-%d8%a8%d9%82%d9%88%d8%a9-%d9%81%d9%8a-%d8%a8%d8%b7%d9%88%d9%84%d8%a9-%d9%83%d8%a3/"
4183,https://newsfall.news/Home/ViewNews/10836279,"Article `download()` failed with HTTPSConnectionPool(host='newsfall.news', port=443): Max retries exceeded with url: /Home/ViewNews/10836279 (Caused by NameResolutionError(""<urllib3.connection.HTTPSConnection object at 0x7ba3d6a47e00>: Failed to resolve 'newsfall.news' ([Errno -3] Temporary failure in name resolution)"")) on URL https://newsfall.news/Home/ViewNews/10836279"
4444,https://almashhad.com/article/459712439457749-tourism/809043192008792-%D9%85%D8%A7-%D9%87%D9%8A-%D8%A7%D9%84%D8%A3%D9%85%D8%A7%D9%83%D9%86-%D8%A7%D9%84%D8%A3%D9%83%D8%AB%D8%B1-%D9%82%D8%B0%D8%A7%D8%B1%D8%A9-%D9%81%D9%8A-%D8%A7%D9%84%D8%B7%D8%A7%D8%A6%D8%B1%D8%A7%D8%AA/,"Article `download()` failed with HTTPSConnectionPool(host='almashhad.com', port=443): Read timed out. on URL https://almashhad.com/article/459712439457749-tourism/809043192008792-%D9%85%D8%A7-%D9%87%D9%8A-%D8%A7%D9%84%D8%A3%D9%85%D8%A7%D9%83%D9%86-%D8%A7%D9%84%D8%A3%D9%83%D8%AB%D8%B1-%D9%82%D8%B0%D8%A7%D8%B1%D8%A9-%D9%81%D9%8A-%D8%A7%D9%84%D8%B7%D8%A7%D8%A6%D8%B1%D8%A7%D8%AA/"
3567,https://www.al-jazirahonline.com/2025/08/27/439403/,"Article `download()` failed with HTTPSConnectionPool(host='www.al-jazirahonline.com', port=443): Read timed out. on URL https://www.al-jazirahonline.com/2025/08/27/439403/"
