rssid,url,db_title,found_title
6075,https://ppregypt.com/post/view/6/Post/details/10900/,"""سيلندر سوفت بدعم من ترو"" أول منصة رقمية متكاملة لتمويل السيارات في مصر",بروفيشنال ايكونومي
8671,https://entrepreneuralarabiya.com/2025/08/28/70503/%d8%ac%d9%8a-%d8%a5%d8%b3-%d9%8a%d9%88-%d8%a7%d9%84%d8%a5%d9%85%d8%a7%d8%b1%d8%a7%d8%aa%d9%8a%d8%a9-%d8%aa%d9%86%d8%b6%d9%85%d9%91-%d9%84%d9%85%d8%b4%d8%b1%d9%88%d8%b9-%d8%b7%d8%a7%d9%82%d8%a9/,جي إس يو” الإماراتية تنضمّ لمشروع طاقة شمسية في مصر بقيمة 220 مليون دولار,"جي إس يو"" الإماراتية تنضمّ لمشروع طاقة شمسية في مصر بقيمة 220 مليون دولار"
6428,https://ar.pressbee.net/show9888868.html?title=%D8%A8%D8%AB-%D9%85%D8%A8%D8%A7%D8%B4%D8%B1-%D8%B4%D8%A7%D9%87%D8%AF-%D9%85%D8%A8%D8%A7%D8%B1%D8%A7%D8%A9-%D8%A7%D9%84%D8%AA%D8%B1%D8%AC%D9%8A-%D8%A7%D9%84%D8%AC%D8%B1%D8%AC%D9%8A%D8%B3%D9%8A-%D9%88%D8%A7%D9%84%D8%A7%D8%AA%D8%AD%D8%A7%D8%AF-%D8%A7%D9%84%D8%B1%D9%8A%D8%A7%D8%B6%D9%8A-%D8%A8%D8%A8%D9%86%D9%82%D8%B1%D8%AF%D8%A7%D9%86-%D9%81%D9%8A,بث مباشر.. شاهد مباراة الترجي الجرجيسي والاتحاد الرياضي ببنقردان في الدوري التونسي,بث مباشر.. شاهد مباراة الترجي الجرجيسي والاتحاد الرياضي ببنقردان في الدوري التونسي ...مصر
6339,https://arab.sahafahh.net/story/23828973/%D9%85%D8%AD%D9%85%D8%AF-%D8%B5%D9%84%D8%A7%D8%AD-%D9%8A%D8%B2%D9%8A%D9%86-%D9%82%D8%A7%D8%A6%D9%85%D8%A9-%D8%A3%D9%81%D8%B6%D9%84-10-%D9%87%D8%AF%D8%A7%D9%81%D9%8A%D9%86-%D9%81%D9%8A-%D8%AA,محمد صلاح يزين قائمة أفضل 10 هدافين في تاريخ دوري أبطال أوروبا,محمد صلاح يزين قائمة أفضل 10 هدافين في تاريخ دوري أبطال أوروبا _اخر تحديث
9981,https://nabd.com/s/160035515-042acf/%D8%A3%D9%85%D9%87%D8%A7%D8%AA-%D8%B7%D9%84%D8%A7%D8%A8-%D9%85%D8%B9%D9%87%D8%AF-%D8%A7%D9%84%D9%86%D9%88%D8%B1-%D9%84%D9%84%D9%85%D9%83%D9%81%D9%88%D9%81%D9%8A%D9%86.-%D8%A3%D9%85%D9%87%D8%A7%D8%AA-%D8%B7%D9%84%D8%A7%D8%A8-%D9%85%D8%B9%D9%87%D8%AF-%D8%A7%D9%84%D9%86%D9%88%D8%B1-%D9%84%D9%84%D9%85%D9%83%D9%81%D9%88%D9%81%D9%8A%D9%86-%D9%8A%D9%86%D8%A7%D8%B4%D8%AF%D9%86-%D9%88%D8%B2%D9%8A%D8%B1-%D8%A7%D9%84%D8%B4%D8%A4%D9%88%D9%86-%D8%A7%D9%84%D8%A7%D8%AC%D8%AA%D9%85%D8%A7%D8%B9%D9%8A%D8%A9-%D9%88%D8%A7%D9%84%D8%B9%D9%85%D9%84-%D8%A8%D8%AA%D9%85%D8%AF%D9%8A%D8%AF-%D8%A7%D9%84%D8%AF%D8%B1%D8%A7%D8%B3%D8%A9-%D8%AD%D8%AA%D9%89-%D8%A7%D9%84%D8%B5%D9%81-%D8%A7%D9%84%D8%AA%D8%A7%D8%B3%D8%B9,أمهات طلاب معهد النور للمكفوفين. أمهات طلاب معهد النور للمكفوفين يناشدن وزير الشؤون الاجتماعية والعمل بتمديد الدراسة حتى الصف التاسع عدن تايم,أمهات طلاب معهد النور للمكفوفين. أمهات طلاب معهد النور للمكفوفين يناشدن وزير الشؤون الاجتماعية والعمل بتمديد الدراسة حتى الصف التاسع
7017,https://nabd.com/s/160053875-acc619/%D9%85%D8%AD%D8%A7%D9%81%D8%B8-%D8%A7%D9%84%D9%85%D9%86%D9%88%D9%81%D9%8A%D8%A9-%D9%8A%D8%B3%D8%AA%D8%AC%D9%8A%D8%A8-%D9%84%D8%A7%D8%B3%D8%AA%D8%BA%D8%A7%D8%AB%D8%A7%D8%AA-%D8%A5%D9%86%D8%B3%D8%A7%D9%86%D9%8A%D8%A9-%D9%88%D9%8A%D9%88%D8%AC%D9%87-%D8%A8%D8%AA%D9%82%D8%AF%D9%8A%D9%85-%D8%AF%D8%B9%D9%85-%D9%81%D9%88%D8%B1%D9%8A-%D9%84%D8%A3%D8%B3%D8%B1%D8%AA%D9%8A%D9%86-%D8%B5%D9%88%D8%B1,بوابة الأهرام | محافظ المنوفية يستجيب لاستغاثات إنسانية ويوجه بتقديم دعم فوري لأسرتين,محافظ المنوفية يستجيب لاستغاثات إنسانية ويوجه بتقديم دعم فوري لأسرتين
7016,https://nabd.com/s/160038753-82afd6/100-%D8%A8%D9%82%D8%B9%D8%A9-%D8%AC%D8%AF%D9%8A%D8%AF%D8%A9..-%D8%A7%D9%84%D8%B9%D9%84%D9%85%D8%A7%D8%A1-%D8%A7%D9%84%D8%B4%D9%85%D8%B3-%D8%AA%D8%AD%D9%88%D9%84%D8%AA-%D9%84-%D8%AA%D8%AC%D9%85%D9%8A%D8%B9-%D8%B7%D8%A7%D9%82%D8%A9-%D8%A7%D9%84%D8%A7%D9%86%D9%81%D8%AC%D8%A7%D8%B1%D8%A7%D8%AA,صحيفة المصري اليوم | 100 بقعة جديدة.. العلماء: الشمس تحولت ل تجميع طاقة الانفجارات,100 بقعة جديدة.. العلماء: الشمس تحولت ل تجميع طاقة الانفجارات
9980,https://nabd.com/s/160070171-70d9ca/%D8%B9%D8%A7%D8%AC%D9%84-%D9%85%D8%B5%D8%AF%D8%B1-%D9%81%D9%8A-%D9%88%D8%B2%D8%A7%D8%B1%D8%A9-%D8%A7%D9%84%D8%AF%D9%81%D8%A7%D8%B9-%D8%A7%D9%84%D9%8A%D9%85%D9%86%D9%8A%D8%A9-%D9%84-%D8%A7%D9%84%D9%85%D8%B3%D9%8A%D8%B1%D8%A9-%D8%A7%D9%84%D8%B9%D8%AF%D9%88-%D8%A7%D9%84%D8%A5%D8%B3%D8%B1%D8%A7%D8%A6%D9%8A%D9%84%D9%8A-%D9%8A%D9%82%D8%AF%D9%85-%D8%B1%D9%88%D8%A7%D9%8A%D8%A7%D8%AA-%D9%85%D8%AA%D8%AE%D8%A8%D8%B7%D8%A9-%D8%A8%D8%B4%D8%A3%D9%86-%D8%B9%D8%AF%D9%88%D8%A7%D9%86%D9%87-%D9%88%D9%85%D8%B2%D8%A7%D8%B9%D9%85-%D8%A7%D8%B3%D8%AA%D9%87%D8%AF%D8%A7%D9%81%D9%87-%D9%84%D9%84%D9%82%D9%8A%D8%A7%D8%AF%D8%A7%D8%AA-%D9%81%D9%8A-%D8%A7%D9%84%D8%B9%D8%A7%D8%B5%D9%85%D8%A9-%D8%B5%D9%86%D8%B9%D8%A7%D8%A1-%D8%A7%D9%84%D8%B9%D8%AF%D9%88%D8%A7%D9%86-%D8%A7%D9%84%D8%A5%D8%B3%D8%B1%D8%A7%D8%A6%D9%8A%D9%84%D9%8A-%D8%B9%D9%84%D9%89-%D8%A7%D9%84%D8%B9%D8%A7%D8%B5%D9%85%D8%A9-%D8%B5%D9%86%D8%B9%D8%A7%D8%A1-%D9%87%D9%88-%D8%A7%D8%B3%D8%AA%D9%87%D8%AF%D8%A7%D9%81-%D9%84%D9%85%D9%88%D9%82%D9%81,"عاجل | مصدر في وزارة الدفاع اليمنية ل""المسيرة"": - العدو الإسرائيلي يقدم روايات متخبطة بشأن عدوانه ومزاعم استهدافه للقيادات في العاصمة صنعاء - العدوان الإسرائيلي على العاصمة صنعاء هو استهداف لموقف الشعب اليمني المساند للشعب الفلسطيني - تهديدات العدو وغاراته لن ترهب...شبكة قدس الإخبارية","مصدر في وزارة الدفاع اليمنية ل""المسيرة"": - العدو الإسرائيلي يقدم روايات متخبطة بشأن عدوانه ومزاعم استهدافه للقيادات في العاصمة صنعاء - العدوان الإسرائيلي على العاصمة صنعاء هو استهداف لموقف الشعب اليمن"
1631,https://alresala-alarabiya.com/%D9%86%D8%AD%D9%86-%D9%84%D8%B3%D9%86%D8%A7-%D9%85%D9%84%D9%83%D8%A7%D9%8B-%D9%84%D8%AA%D8%B1%D8%A7%D9%85%D8%A8-%D9%85%D9%82%D8%A7%D9%84-%D9%81%D9%8A-%D9%86%D9%8A%D9%88%D9%8A%D9%88%D8%B1%D9%83/,"""نحن لسنا ملكاً لترامب"" - مقال في نيويورك تايمز","""نحن لسنا ملكاً لترامب"""
1364,https://doctornewsweb.com/%D9%88%D9%82%D8%A7%D8%A6%D8%B9-%D8%A5%D9%87%D9%85%D8%A7%D9%84-%D8%A5%D8%AE%D8%A7%D9%84%D8%A9-%D8%A5%D8%AF%D8%A7%D8%B1%D8%A9-%D9%85%D8%B3%D8%AA%D8%B4%D9%81%D9%89-%D8%A7%D9%84%D9%82%D9%86%D8%A7%D8%B7/,وقائع إهمال.. إخالة إدارة مستشفى القناطر الخيرية للتحقيق,وقائع إهمال.. إحالة إدارة مستشفى القناطر الخيرية للتحقيق
6051,https://www.khabaralyoum.com/news/get_news/967267/حساس-ولا-يقبل-النقد..-ما-هي-علامات-الشخصية-النرجسية؟,حساس ولا يقبل النقد.. ما هي علامات الشخصية النرجسية؟,مجتمع » المصري اليوم » حساس ولا يقبل النقد.. ما هي علامات الشخصية النرجسية؟
6425,https://ar.pressbee.net/show9888810.html?title=%D8%B1%D8%A6%D9%8A%D8%B3-%D8%A7%D9%84%D9%88%D8%B2%D8%B1%D8%A7%D8%A1-%D9%8A%D8%B3%D8%AA%D8%B9%D8%B1%D8%B6-%D9%86%D9%85%D8%A7%D8%B0%D8%AC-%D8%A7%D8%B3%D8%AA%D8%AC%D8%A7%D8%A8%D8%A7%D8%AA-%D9%85%D9%86%D8%B8%D9%88%D9%85%D8%A9-%D8%A7%D9%84%D8%B4%D9%83%D8%A7%D9%88%D9%89-%D8%A7%D9%84%D8%AD%D9%83%D9%88%D9%85%D9%8A%D8%A9-%D9%84%D9%84%D8%AD%D8%A7%D9%84%D8%A7,رئيس الوزراء يستعرض نماذج استجابات منظومة الشكاوى الحكومية للحالات بقطاع الصحة,رئيس الوزراء يستعرض نماذج استجابات منظومة الشكاوى الحكومية للحالات بقطاع الصحة ..اخبار محلية
244,https://www.msr2030.com/494801,الجامعة البريطانية توفر لطلابها فرصا تدريبية بالبرلمان العربي لتمكينهم من سوق العمل | الأخبار,الجامعة البريطانية توفر لطلابها فرصا تدريبية بالبرلمان العربي لتمكينهم من سوق العمل
7003,https://nabd.com/s/160007153-ed7164/%D9%86%D8%A7%D8%AF%D9%8A%D8%A9-%D8%A7%D9%84%D8%A8%D9%88%D8%B3%D8%B9%D9%8A%D8%AF%D9%8A%D8%A9-%D8%AA%D8%B5%D9%86%D8%B9-%D9%85%D8%AE%D9%84%D9%84%D8%A7%D8%AA-%D8%AA%D8%AC%D9%85%D8%B9-%D8%A7%D9%84%D9%84%D9%85%D8%B3%D8%A7%D8%AA-%D8%A7%D9%84%D8%AA%D9%82%D9%84%D9%8A%D8%AF%D9%8A%D8%A9-%D8%A8%D9%86%D9%83%D9%87%D8%A7%D8%AA-%D8%B9%D8%B5%D8%B1%D9%8A%D8%A9,جريدة عمان | نادية البوسعيدية تصنع مخللات تجمع اللمسات التقليدية بنكهات عصرية,نادية البوسعيدية تصنع مخللات تجمع اللمسات التقليدية بنكهات عصرية
7293,https://www.bbc.com/news/articles/c1dxl6ry4y3o,US Fed Governor Lisa Cook sues Trump over attempt to fire her,US Fed Governor Lisa Cook sues Trump over his attempt to fire her
6035,https://www.khabaralyoum.com/news/get_news/967261/غرفة-عمليات-«حماة-الوطن»-تتابع-التصويت-في-جولة-الإعادة-بانتخابات-مجلس-الشيوخ-2025,غرفة عمليات «حماة الوطن» تتابع التصويت في جولة الإعادة بانتخابات مجلس الشيوخ,برلمان مصر » المصري اليوم » غرفة عمليات «حماة الوطن» تتابع التصويت في جولة الإعادة بانتخابات مجلس الشيوخ 2025
3742,https://7adramout.net/%d8%a7%d8%ae%d8%a8%d8%a7%d8%b1-%d8%a7%d9%84%d9%86%d8%b5%d8%b1-%d8%a7%d9%84%d8%b3%d8%b9%d9%88%d8%af%d9%8a-%d8%a7%d9%84%d9%86%d8%b5%d8%b1-%d9%8a%d8%ad%d8%b3%d9%85-%d8%b5%d9%81%d9%82%d8%a9-%d9%82/,اخبار النصر السعودي  : النصر يحسم صفقة قوية في الصيفية .. “مهاجم مميز”,اخبار النصر السعودي : النصر يحسم صفقة قوية في الصيفية .. “مهاجم مميز”
4049,https://www.fananews.com/%d8%a8%d9%85%d8%b4%d8%a7%d8%b1%d9%83%d8%a9-%d9%88%d8%a7%d8%b3%d8%b9%d8%a9-%d9%81%d8%b9%d8%a7%d9%84%d9%8a%d8%a9-%d8%ba%d8%a7%d9%8a%d8%aa%d9%87-%d9%86%d9%85%d8%b4%d9%8a-%d8%b6%d9%85%d9%86-%d9%81/?utm_source=rss&utm_medium=rss&utm_campaign=%25d8%25a8%25d9%2585%25d8%25b4%25d8%25a7%25d8%25b1%25d9%2583%25d8%25a9-%25d9%2588%25d8%25a7%25d8%25b3%25d8%25b9%25d8%25a9-%25d9%2581%25d8%25b9%25d8%25a7%25d9%2584%25d9%258a%25d8%25a9-%25d8%25ba%25d8%25a7%25d9%258a%25d8%25aa%25d9%2587-%25d9%2586%25d9%2585%25d8%25b4%25d9%258a-%25d8%25b6%25d9%2585%25d9%2586-%25d9%2581,بمشاركة واسعة … فعالية غايته نمشي ضمن فعاليات البرنامج الصيفي 2025م,بمشاركة واسعة ... فعالية غايته نمشي ضمن فعاليات البرنامج الصيفي 2025م
2724,https://ar.pressbee.net/show9887593.html,الصحة: زيادة عدد منشآت الرعاية الأولية الحاصلة على اعتماد GAHAR لـ 92 منشأة,الصحة: زيادة عدد منشآت الرعاية الأولية الحاصلة على اعتماد GAHAR لـ 92 منشأة ...السعودية
2724,https://ar.pressbee.net/show9888712.html,أوناحي يحط الرحال في “الليغا” عبر بوابة جيرونا,أوناحي يحط الرحال في “الليغا” عبر بوابة جيرونا ...المغرب
1763,https://www.pressnew.net/article/23831445,عام مع النفاذ حبس المتهمين باستدراج طفل لسرقة مشغولات ذهبية من والدته بالإسكندرية محافظات,«عام مع النفاذ».. حبس المتهمين باستدراج طفل لسرقة مشغولات ذهبية من والدته بالإسكندرية..محافظات
1763,https://www.pressnew.net/article/23832484,بتداولات 3.9 مليارات ريال مؤشر سوق الأسهم السعودية يغلق منخفضًا الأخبار,بتداولات 3.9 مليارات ريال.. مؤشر سوق الأسهم السعودية يغلق منخفضًا..الأخبار
1156,https://eng.pressbee.net/show4170809.html?title=exclaimer-increases-forecast-accuracy-and-streamlines-sales-team-,Exclaimer Increases Forecast Accuracy and Streamlines Sales Team Performance with Gong,Exclaimer Increases Forecast Accuracy and Streamlines Sales Team Performance with Gong ...Middle East
1768,https://www.pressnew.net/article/23828898,متفرقات أجمل عبارات تهنئة لزوجتي بمناسبة يوم المرأة الإماراتية,متفرقات: أجمل عبارات تهنئة لزوجتي بمناسبة يوم المرأة الإماراتية
1000,https://arqam.news/481093/,"بحوث الإسكان والبناء يعقد ندوه بعنوان ""قيادة التحول الرقمي في البنية التحتية المصرية""",بحوث الإسكان والبناء يعقد ندوه بعنوان “قيادة التحول الرقمي في البنية التحتية المصرية”
6671,https://www.tuwaqnews.com/%D9%85%D8%AE%D8%AA%D8%B5-%D8%AA%D8%AD%D9%84%D9%8A%D9%84-%D8%A7%D9%84%D8%A8%D9%8A%D8%A7%D9%86%D8%A7%D8%AA-%D8%A7%D9%84%D8%B6%D8%AE%D9%85%D8%A9-%D8%AE%D8%B7%D9%88%D8%A9-%D8%A3%D9%88%D9%84%D9%89-%D9%86/,مختص: تحليل البيانات الضخمة خطوة أولى نحو ريادة المملكة في الذكاء الاصطناعي | طويق نيوز,مختص: تحليل البيانات الضخمة خطوة أولى نحو ريادة المملكة في الذكاء الاصطناعي
1763,https://www.pressnew.net/article/23829586,أمطار متوسطة ورياح شديدة السرعة على نجران اخر خبر,أمطار متوسطة ورياح شديدة السرعة على نجران..اخر خبر
6339,https://arab.sahafahh.net/story/23832292/%D9%85%D8%B5%D8%B1-%D9%88%D9%82%D8%B7%D8%B1-%D8%AA%D8%A4%D9%83%D8%AF%D8%A7%D9%86-%D8%A7%D9%84%D8%AD%D8%B1%D8%B5-%D8%B9%D9%84%D9%89-%D8%AA%D8%B9%D8%B2%D9%8A%D8%B2-%D8%A7%D9%84%D8%B9%D9%84%D8%A7%D9%82%D8%A7%D8%AA,مصر وقطر تؤكدان الحرص على تعزيز العلاقات الثنائية والتنسيق إزاء القضايا الإقليمية والدولية,مصر وقطر تؤكدان الحرص على تعزيز العلاقات الثنائية والتنسيق إزاء القضايا الإقليمية والدولية _آخر الأخبار
230,https://egyptoil-gas.com/news/bapteco-produces-53000-boe-d-drills-18-new-wells-in-fiscal-year-2024-2025/,"BAPTECO Produces 53,000 BOE/D, Drills 18 New Wells in Fiscal Year 2024/2025 | Egypt Oil","BAPTECO Produces 53,000 BOE/D, Drills 18 New Wells in Fiscal Year 2024/2025"
4546,https://www.almasryalyoum.com/news/details/3535701,وزير الزراعة: لن يتم التهاون مع أي محاولة للإضرار بحقوق ومصالح الفلاح المصري,بعد رصد مخالفات لجمعيات زراعية.. وزير الزراعة: لن نتهاون مع أي محاولة إضرار بحقوق ومصالح الفلاح المصري
1763,https://www.pressnew.net/article/23832726,السيد القائد يدعو للخروج المليوني في العاصمة صنعاء والمحافظات جهادًا في سبيل الله أخبار وتقارير,السيد القائد يدعو للخروج المليوني في العاصمة صنعاء والمحافظات جهادًا في سبيل الله..أخبار وتقارير
6354,https://ar.pressbee.net/show9888362.html?title=%D8%A7%D9%84%D9%82%D8%A7%D9%87%D8%B1%D8%A9-%D8%A7%D9%84%D8%A5%D8%AE%D8%A8%D8%A7%D8%B1%D9%8A%D8%A9-150-%D8%B4%D8%A7%D8%AD%D9%86%D8%A9-%D8%B6%D9%85%D9%86-%D9%82%D9%88%D8%A7%D9%81%D9%84-%D8%A7%D9%84%D9%85%D8%B3%D8%A7%D8%B9%D8%AF%D8%A7%D8%AA-%D8%A7%D9%84%D9%85%D8%B5%D8%B1%D9%8A%D8%A9-%D9%84%D8%BA%D8%B2%D8%A9,القاهرة الإخبارية: 150 شاحنة ضمن قوافل المساعدات المصرية لغزة ...مصر,"""القاهرة الإخبارية"": 150 شاحنة ضمن قوافل المساعدات المصرية لغزة ...مصر"
6673,https://www.tuwaqnews.com/%D9%84%D8%B9%D8%A8%D8%A9-skate-%D8%A7%D9%84%D8%AC%D8%AF%D9%8A%D8%AF%D8%A9-%D8%AA%D8%B5%D9%84-%D9%85%D9%86%D8%B5%D8%A7%D8%AA-%D8%A7%D9%84%D8%A3%D9%84%D8%B9%D8%A7%D8%A8-%D9%88%D8%A7%D9%84%D9%83%D9%85/,لعبة Skate الجديدة تصل منصات الألعاب والكمبيوتر الشخصي في 16 سبتمبر | طويق نيوز,لعبة Skate الجديدة تصل منصات الألعاب والكمبيوتر الشخصي في 16 سبتمبر
3157,https://alahednews.news/post/325732/%D8%A8%D9%84%D8%AF%D9%8A%D8%A9-%D8%BA%D8%B2%D9%91%D8%A9-%D8%AA%D9%87%D8%AF%D9%8A%D8%AF%D8%A7%D8%AA-%D8%A7%D9%84%D8%A7%D8%AD%D8%AA%D9%84%D8%A7%D9%84-%D8%A8%D8%A7%D8%AC%D8%AA%D9%8A%D8%A7%D8%AD-%D9%85%D8%AF%D9%8A%D9%86%D8%A9-%D8%BA%D8%B2%D9%91%D8%A9-%D8%AA%D8%B9%D9%86%D9%8A-%D8%AA%D8%B9%D9%85%D9%8A%D9%82-%D8%A7%D9%84%D9%83%D8%A7%D8%B1%D8%AB%D8%A9-%D8%A7%D9%84%D8%A5%D9%86%D8%B3%D8%A7%D9%86%D9%8A%D8%A9,موقع العهد الإخباري | بلدية غزّة: تهديدات الاحتلال باجتياح مدينة غزّة تعني تعميق الكارثة الإنسانية,موقع العهد الإخباري : الصفحة الرئيسية
75,https://www.skynewsarabia.com/middle-east/1816614-%D8%A7%D9%94%D9%83%D8%A8%D8%B1-%D8%AA%D8%AF%D8%B1%D9%8A%D8%A8%D8%A7%D8%AA-%D8%A7%D9%84%D9%85%D9%86%D8%B7%D9%82%D8%A9-%D8%A7%D9%86%D8%B7%D9%84%D8%A7%D9%82-%D9%85%D9%86%D8%A7%D9%88%D8%B1%D8%A7%D8%AA-%D8%A7%D9%84%D9%86%D8%AC%D9%85-%D8%A7%D9%84%D8%B3%D8%A7%D8%B7%D8%B9-%D9%85%D8%B5%D8%B1,"أكبر تدريبات المنطقة.. انطلاق مناورات ""النجم الساطع"" في مصر","خاص أكبر تدريبات المنطقة.. انطلاق مناورات ""النجم الساطع"" في مصر"
1160,https://eng.pressbee.net/show4169973.html?title=trish-stratus-shares-behind-the-scenes-look-into-recent-photoshoo,Trish Stratus shares behind-the-scenes look into recent photoshoot; WWE legend nigh unrecognizable,Trish Stratus shares behind-the-scenes look into recent photoshoot; WWE legend nigh unrecognizable ...Middle East
9829,https://www.independentarabia.com/node/630598/%D8%A7%D9%84%D8%A3%D8%AE%D8%A8%D8%A7%D8%B1/%D8%B3%D9%88%D8%B1%D9%8A%D8%A7-%D8%A5%D8%B3%D8%B1%D8%A7%D8%A6%D9%8A%D9%84-%D8%A7%D8%B3%D8%AA%D9%88%D9%84%D8%AA-%D8%B9%D9%84%D9%89-%D8%A3%D8%B1%D8%A7%D8%B6-%D8%AD%D9%88%D9%84-%D8%AC%D8%A8%D9%84-%D8%A7%D9%84%D8%B4%D9%8A%D8%AE,سوريا: إسرائيل استولت على أراض حول جبل الشيخ,قصف جوي إسرائيلي على ريف القنيطرة الشمالي
6878,http://english.mubasher.info/news/4490716/ALTIJARIA-Disclosure-regarding-transaction-of-an-insider-in-Altijaria,ALTIJARIA - Disclosure regarding transaction of an insider in Altijaria,Disclosure regarding transaction of an insider in Altijaria
5147,https://www.youm7.com/story/2025/8/28/%D8%A3%D8%AD%D9%85%D8%AF-%D9%87%D9%86%D9%88-%D9%8A%D9%83%D8%B4%D9%81-%D9%84%D9%80-%D8%A7%D9%84%D9%8A%D9%88%D9%85-%D8%A7%D9%84%D8%B3%D8%A7%D8%A8%D8%B9-%D9%87%D9%8A%D9%83%D9%84%D8%A9-%D9%84%D8%AC%D8%A7%D9%86-%D8%A7%D9%84%D8%A3%D8%B9%D9%84%D9%89-%D9%84%D9%84%D8%AB%D9%82%D8%A7%D9%81%D8%A9/7103605,أحمد هنو يكشف لـ اليوم السابع.. هيكلة لجان الأعلى للثقافة فى انتظار تعديل لائحة المجلس.. إعادة إطلاق مجلة الخيال بعد توقف 8 سنوات.. قصور ثقافة جديدة بالمحافظات.. وعودة قوية لبينالى الإسكندرية بعد غياب 12 عاما,أحمد هنو يكشف لـ اليوم السابع.. هيكلة لجان الأعلى للثقافة فى انتظار تعديل لائحة المجلس.. إعادة إطلاق مجلة الخيال بعد توقف 8 سنوات.. قصور ثقافة جديدة بالمحافظات.. وعودة قوية لبينالى الإسكندرية بعد غياب
11277,https://www.thesun.co.uk/tv/36471326/bbc-quiz-impossible-player-loses-jackpot-music-question/,Watch the moment Impossible contestant loses out on £10k jackpot on tricky music question – could you get it right?,Help us verify you as a real visitor
3158,https://alahednews.news/post/325789/%D9%84%D8%A8%D9%86%D8%A7%D9%86-%D8%A3%D9%87%D8%A7%D9%84%D9%8A-%D8%A7%D9%84%D8%AF%D9%84%D8%A7%D9%81%D8%A9-%D9%8A%D9%85%D9%86%D8%B9%D9%88%D9%86-%D8%AF%D9%88%D8%B1%D9%8A%D8%A9-%D9%84-%D8%A7%D9%84%D9%8A%D9%88%D9%86%D9%8A%D9%81%D9%8A%D9%84-%D9%85%D9%86-%D8%AF%D8%AE%D9%88%D9%84-%D8%A7%D9%84%D8%A8%D9%84%D8%AF%D8%A9-%D8%AF%D9%88%D9%86-%D9%85%D8%B1%D8%A7%D9%81%D9%82%D8%A9-%D8%A7%D9%84%D8%AC%D9%8A%D8%B4-%D8%A7%D9%84%D9%84%D8%A8%D9%86%D8%A7%D9%86%D9%8A,موقع العهد الإخباري | لبنان| أهالي الدلافة يمنعون دورية لـ,موقع العهد الإخباري : الصفحة الرئيسية
6024,https://www.khabaralyoum.com/news/get_news/967808/باسل-عادل:-باخد-من-قوت-ولادى-وشقايا-علشان-تمويل-حزب-الوعي,باسل عادل باخد من قوت ولادى وشقايا علشان تمويل حزب الوعي,فنون » اليوم السابع » باسل عادل: باخد من قوت ولادى وشقايا علشان تمويل حزب الوعي
207,https://liveegy.com/%d8%a7%d9%84%d9%85%d8%b4%d9%8a-%d8%a8%d8%b9%d8%af-%d8%a7%d9%84%d8%a3%d9%83%d9%84-%d9%85%d8%a8%d8%a7%d8%b4%d8%b1%d8%a9-%d9%87%d9%84-%d9%87%d9%88-%d9%85%d9%81%d9%8a%d8%af-%d8%a3%d9%85-%d9%85%d8%b6/,المشي بعد الأكل مباشرة .. هل هو مفيد أم مضر؟,المشي بعد الأكل مباشرة: هل هو مفيد أم مضر؟ يُعتبر المشي من الأنشطة البدنية البسيطة والمتاحة للجميع، وكثيرًا ما يُطرح سؤال حول جدوى المشي بعد
3799,https://sahafa24.com/show771656399.html,المكلا.. الوكيل باصريح يدشن ورشة العمل التعريفية بنظام المشتريات في منظمة  الفاو,المكلا.. الوكيل باصريح يدشن ورشة العمل التعريفية بنظام المشتريات في منظمة الفاو
6024,https://www.khabaralyoum.com/news/get_news/966524/أستاذ-بالأزهر:-العامية-المصرية-نتاج-عبقرية-وخصوصية-وهوية-فريدة-للشعب-المصري,أستاذ بالأزهر العامية المصرية نتاج عبقرية وخصوصية وهوية فريدة للشعب المصري,فنون » اليوم السابع » أستاذ بالأزهر: العامية المصرية نتاج عبقرية وخصوصية وهوية فريدة للشعب المصري
2264,https://alforatnews.iq/news/%D8%A8%D8%A7%D9%84%D9%81%D9%8A%D8%AF%D9%8A%D9%88-%D9%84%D8%AD%D8%B8%D8%A9-%D8%A7%D8%BA%D8%AA%D9%8A%D8%A7%D9%84-%D8%B1%D8%A6%D9%8A%D8%B3-%D9%86%D8%A7%D8%AF-%D8%AA%D8%B1%D9%83%D9%8A-%D8%A8%D8%B7%D9%84%D9%82-%D9%86%D8%A7%D8%B1%D9%8A-%D9%81%D9%8A-%D8%B1%D8%A3%D8%B3%D9%87%C2%A0%D8%A8%D8%A7%D8%B3%D8%B7%D9%86%D8%A8%D9%88%D9%84,Just,بالفيديو.. لحظة اغتيال رئيس ناد تركي بطلق ناري في رأسه باسطنبول
8505,https://arqam.news/481282/,"HUAWEI Partners with Valu to Redefine Tablet Accessibility in Egypt with the MatePad 11.5   Cairo, Egypt — August 28, 2025: HUAWEI has officially launched the HUAWEI MatePad 11.5 in Egypt, unveiling a special collaboration with Valu to make the device more accessible. Customers can now purchase the tablet in cash or through Valu with zero fees, no down payment, and flexible payment plans of up to 12 months. Priced at EGP 25,999, this exclusive offer is valid until September 30 across HUAWEI’s HES, online store, and certified retailers nationwide. Redefining the tablet experience, the HUAWEI MatePad 11.5 combines powerful performance with a stunning 120 Hz PaperMatte Display, upgraded HUAWEI Notes, and the creative GoPaint app, making it the ultimate tool for both professionals and students. Whether jotting down notes, collaborating on projects, or enjoying immersive media, the MatePad 11.5 is designed to deliver productivity, creativity, and entertainment in one sleek device.","HUAWEI Partners with Valu to Redefine Tablet Accessibility in Egypt with the MatePad 11.5  Cairo, Egypt — August 28, 2025: HUAWEI has officially launched the HUAWEI MatePad 11.5 in Egypt, unveiling a "
6339,https://arab.sahafahh.net/story/23831543/%D8%AA%D8%A7%D9%8A%D9%84%D9%88%D8%B1-%D8%B3%D9%88%D9%8A%D9%81%D8%AA-%D8%AA%D8%B4%D8%B9%D9%84-%D9%85%D9%88%D8%A7%D9%82%D8%B9-%D8%A7%D9%84%D8%AA%D9%88%D8%A7%D8%B5%D9%84-%D9%88%D8%AA%D8%B1%D8%A7%D9%85%D8%A8-%D9%8A,تايلور سويفت تشعل مواقع التواصل.. وترامب يعلق!,-تايلور سويفت تشعل مواقع التواصل.. وترامب يعلق! ..
2089,https://www.guideautoweb.com/articles/79601/ram-se-ravise-et-annonce-une-bonne-nouvelle-pour-les-canadiens/,Ram annonce une bonne nouvelle pour les Canadiens,Ram se ravise et annonce une bonne nouvelle pour les Canadiens
2318,https://www.bna.bh/news?cms=q8FmFJgiscL2fwIzON1%2bDqAG2D0brp%2bQsGDVDyWgASU%3d,ناصر بن حمد:  دوار معسكر الروضة شاهدٌ على إنجاز رجال الحرس الملكي بالوصول إلى قمة جبل إيفرست,ناصر بن حمد: دوار معسكر الروضة شاهدٌ على إنجاز رجال الحرس الملكي بالوصول إلى قمة جبل إيفرست
5442,https://voi.id/olahraga/509577/tibo-monabesa-berambisi-putus-rekor-nikhemttola,Tibo Monabesa Berambisi Putus Rekor Nikhemttola,"Benfica Singkirkan Fenerbahce, Ini Dia 34 Tim yang Berlaga di Liga Champions"
9204,https://www.theregister.com/2025/08/27/popular_nodejs_utility_used_by/,Putin on the code: DoD reportedly relies on utility written by Russian dev,Putin on the code: DoD reportedly relies on utility written by Russia-based Yandex dev
3094,https://www.wam.ae/article/37y2k4qv-%25D8%25A7%25D9%2584%25D8%25A5%25D9%2585%25D8%25A7%25D8%25B1%25D8%25A7%25D8%25AA-%25D8%25A7%25D9%2584%25D8%25B5%25D8%25AD%25D9%258A%25D8%25A9-%25D8%25A7%25D9%2584%25D9%2585%25D8%25B1%25D8%25A3%25D8%25A9-%25D8%25A7%25D9%2584%25D8%25A5%25D9%2585%25D8%25A7%25D8%25B1%25D8%25A7%25D8%25AA%25D9%258A%25D8%25A9-%25D8%25B4%25D8%25B1%25D9%258A%25D9%2583-%25D9%2581%25D8%25A7%25D8%25B9%25D9%2584-%25D8%25B5%25D9%258A%25D8%25A7%25D8%25BA%25D8%25A9,"""الإمارات الصحية"" :المرأة الإماراتية شريك فاعل في صياغة مستقبل الرعاية الصحية",وكالة أنباء الإمارات
9371,https://www.dostor.org/5193992,أكرم القصاص: مصر وقطر تبذلان جهود مضنية لوقف إطلاق النار في غزة,أكرم القصاص: مصر وقطر تبذلان جهودًا مضنية لوقف إطلاق النار في غزة
2599,https://beiruttime-lb.com/%d8%b9%d8%a7%d8%ac%d9%84-%d8%a7%d9%84%d9%82%d9%8a%d8%a7%d8%af%d9%8a-%d8%a8%d8%a3%d9%86%d8%b5%d8%a7%d8%b1-%d8%a7%d9%84%d9%84%d9%87-%d9%86%d8%b5%d8%b1-%d8%a7%d9%84%d8%af%d9%8a%d9%86-%d8%b9%d8%a7%d9%85-5/,عاجل | القيادي بأنصار الله نصر الدين عامر للجزيرة: ننتظر بيانا من الجهات الصحية للإعلان عن شهداء ومصابي العدوان… #عاجل   الجزيرة,القيادي بأنصار الله نصر الدين عامر للجزيرة: ننتظر بيانا من الجهات الصحية للإعلان عن شهداء ومصابي العدوان... #عاجل الجزيرة - بتوقيت بيروت
6028,https://www.khabaralyoum.com/news/get_news/967984/بعد-أن-ساعد-مراهقًا-على-إنهاء-حياته..-8-نصائح-لحماية-أبنائك-من-مخاطر-تطبيق-«ChatGPT»,بعد أن ساعد مراهقًا على إنهاء حياته..  نصائح لحماية أبنائك من مخاطر تطبيق «ChatGPT»,منوعات » المصري اليوم » بعد أن ساعد مراهقًا على إنهاء حياته.. 8 نصائح لحماية أبنائك من مخاطر تطبيق «ChatGPT»
2136,https://www.journaldequebec.com/2025/08/27/us-open--felix-auger-aliassime-denis-shapovalov-gabriel-diallo--les-canadiens-vont-envahir-new-york-jeudi,"US Open | Félix Auger-Aliassime, Denis Shapovalov, Gabriel Diallo et Leylah Fernandez: les Canadiens vont envahir New York, jeudi","Félix Auger-Aliassime, Denis Shapovalov, Gabriel Diallo et Leylah Fernandez: les Canadiens vont envahir New York, jeudi"
5698,https://www.erembusiness.com/videos/veatr8v,بين الماضي والحاضر: هل أصبحت التربية مجرد فواتير؟,بين الماضي والحاضر.. هل أصبحت التربية مجرد فواتير؟
2599,https://beiruttime-lb.com/%d8%b9%d8%a7%d8%ac%d9%84-%d8%a7%d9%84%d9%82%d9%8a%d8%a7%d8%af%d9%8a-%d8%a8%d8%a3%d9%86%d8%b5%d8%a7%d8%b1-%d8%a7%d9%84%d9%84%d9%87-%d9%86%d8%b5%d8%b1-%d8%a7%d9%84%d8%af%d9%8a%d9%86-%d8%b9%d8%a7%d9%85-4/,عاجل | القيادي بأنصار الله نصر الدين عامر للجزيرة: الرواية الإسرائيلية متخبطة ولا صحة لما يقولون من استهداف قيادات… #عاجل   الجزيرة,القيادي بأنصار الله نصر الدين عامر للجزيرة: الرواية الإسرائيلية متخبطة ولا صحة لما يقولون من استهداف قيادات... #عاجل الجزيرة - بتوقيت بيروت
9285,https://gulfnews.com/entertainment/arts-culture/sulyap-20-a-stunning-celebration-of-filipino-culture-at-toda-dubai-on-august-31-1.500248551,Discover the culture of the Philippines at TODA Dubai,Discover Filipino heritage through art at Sulyap: Padayon sa Kapuluan ng Pangarap at TODA Dubai
3742,https://7adramout.net/%d8%a7%d9%84%d8%ad%d8%b1%d9%8a%d9%81%d8%a9-%d9%85%d8%b3%d8%a7%d8%b1-%d9%8a%d8%af%d8%ae%d9%84-%d9%85%d8%b9%d8%b3%d9%83%d8%b1%d9%8b%d8%a7-%d9%85%d8%ba%d9%84%d9%82%d9%8b%d8%a7-%d8%b9%d9%82%d8%a8-%d9%85/,الحريفة | مسار يدخل معسكرًا مغلقًا عقب مباراة الزمالك.. فيديو,مسار يدخل معسكرًا مغلقًا عقب مباراة الزمالك.. فيديو
3090,https://www.wam.ae/article/blf91no-%25D8%25B1%25D8%25A7%25D8%25B4%25D8%25AF-%25D8%25A8%25D9%2586-%25D8%25AD%25D9%2585%25D9%258A%25D8%25AF-%25D8%25A7%25D9%2584%25D9%2585%25D8%25B1%25D8%25A3%25D8%25A9-%25D8%25A7%25D9%2584%25D8%25A5%25D9%2585%25D8%25A7%25D8%25B1%25D8%25A7%25D8%25AA%25D9%258A%25D8%25A9-%25D8%25A3%25D8%25B3%25D8%25A7%25D8%25B3-%25D8%25A7%25D9%2584%25D8%25AA%25D9%2585%25D9%258A%25D8%25B2-%25D9%2588%25D8%25B9%25D9%2586%25D9%2588%25D8%25A7%25D9%2586,راشد بن حميد: المرأة الإماراتية أساس التميز وعنوان الإنجاز,وكالة أنباء الإمارات
11591,https://www.hotelnewsresource.com/article137862.html,"HFTP Announces 2025 CHAE of the Year Award Recipient: Rebecca Bennett, CHAE Tripleseat Wins 2025 APPEALIE SaaS Customer Success ...","HFTP Announces 2025 CHAE of the Year Award Recipient: Rebecca Bennett, CHAE"
1040,https://liveegy.com/%D8%B1%D9%8A%D9%86%D9%88-%D8%AF%D8%A7%D8%B3%D8%AA%D8%B1-2025-%D8%AA%D8%AC%D8%AF%D9%8A%D8%AF-%D8%B4%D8%A7%D9%85%D9%84-%D8%A8%D8%B3%D8%B9%D8%B1-%D9%84%D8%A7-%D9%8A%D8%B2%D8%A7%D9%84-%D8%AA%D9%86%D8%A7/,رينو داستر 2025: تجديد شامل بسعر لا يزال تنافسيًا,لطالما عُرفت رينو داستر بكونها الخيار الأمثل لمن يبحثون عن سيارة SUV عملية وقوية بسعر معقول. ومع إطلاق موديل 2025 الجديد كليًا، لم تتخل الشركة
2554,https://www.alalam.ir/news/7296018,"أطباء السودان: ""الدعم السريع"" تقتل 24 شخصا في الفاشر",أطباء السودان: الدعم السريع تقتل 24 شخصا في الفاشر
4140,https://middle-east-online.com/%D9%87%D9%84-%D8%AD%D9%85%D8%A7%D8%B3-%D8%B9%D9%84%D9%89-%D9%85%D8%B4%D8%A7%D8%B1%D9%81-%D8%A7%D9%84%D8%A7%D9%86%D9%87%D9%8A%D8%A7%D8%B1%D8%9F,هل حماس على مشارف الانهيار؟ | أحمد عبدالوهاب,هل حماس على مشارف الانهيار؟
314,https://alboslanews.com/%D8%A3%D8%B3%D9%88%D8%A7%D9%82-%D9%85%D8%A7%D9%84/%D8%AE%D8%A8%D8%B1%D8%A7%D8%A1-%D9%8A%D9%82%D9%8A%D9%85%D9%88%D9%86-%D8%B7%D8%B1%D9%88%D8%AD%D8%A7%D8%AA-%D9%81%D8%A7%D9%84%D9%8A%D9%88-%D9%88%D8%A8%D9%86%D9%8A%D8%A7%D9%86-%D9%88%D8%A7%D9%84%D9%88%D8%B7%D9%86%D9%8A%D8%A9-%D9%84%D9%84%D8%B7%D8%A8%D8%A7%D8%B9%D8%A9-%D9%81%D9%89-%D8%A7%D9%84%D8%A8%D9%88%D8%B1%D8%B5%D8%A9-%D8%A7%D9%84%D9%85%D8%B5%D8%B1%D9%8A%D8%A9-400838,"خبراء يقيمون طروحات ""فاليو"" و""بنيان"" و""الوطنية للطباعة"" فى البورصة المصرية","خبراء يقيمون طروحات ""فاليو"" و""بنيان"" و""الوطنية للطباعة"" في البورصة المصرية"
3093,https://www.wam.ae/ar/article/blf9156-%25D9%2588%25D8%25B2%25D9%258A%25D8%25B1-%25D8%25A7%25D9%2584%25D8%25B1%25D9%258A%25D8%25A7%25D8%25B6%25D8%25A9-%25D8%25A7%25D9%2584%25D9%2585%25D8%25B1%25D8%25A3%25D8%25A9-%25D8%25A7%25D9%2584%25D8%25A5%25D9%2585%25D8%25A7%25D8%25B1%25D8%25A7%25D8%25AA%25D9%258A%25D8%25A9-%25D8%25B1%25D9%2583%25D9%258A%25D8%25B2%25D8%25A9-%25D9%2585%25D8%25B3%25D9%258A%25D8%25B1%25D8%25A9-%25D8%25A7%25D9%2584%25D8%25AA%25D8%25B7%25D9%2588%25D8%25B1,وزير الرياضة: المرأة الإماراتية ركيزة مسيرة التطور والازدهار,وكالة أنباء الإمارات
4006,https://bethpress.com/News/Details/22148,الإبداع يتجدد في فومكس,وتعتبر اول وكالة أنباء سعودية
2264,https://alforatnews.iq/news/%D9%85%D9%8A%D8%B3%D8%A7%D9%86-%D8%A7%D9%84%D8%A5%D8%B7%D8%A7%D8%AD%D8%A9-%D8%A8%D8%AA%D8%A7%D8%AC%D8%B1-%D9%85%D8%AE%D8%AF%D8%B1%D8%A7%D8%AA-%D8%B6%D8%A8%D8%B7-%D8%A8%D8%AD%D9%88%D8%B2%D8%AA%D9%87-10-%D8%A2%D9%84%D8%A7%D9%81-%D8%AD%D8%A8%D8%A9-%D8%AA%D8%B1%D8%A7%D9%85%D8%A7%D8%AF%D9%88%D9%84,Just,ميسان.. الإطاحة بتاجر مخدرات ضبط بحوزته 10 آلاف حبة ترامادول
84,https://www.yallakora.com//egyptian-league/2977/news/521662/%d8%b3%d9%88%d9%83%d8%a7%d8%b1%d9%8a-%d9%84%d9%8a%d9%84%d8%a7-%d9%83%d9%88%d8%b1%d8%a9-%d8%a7%d9%84%d8%b3%d8%b9%d9%8a%d8%af-%d8%a7%d9%84%d8%a3%d9%81%d8%b6%d9%84-%d9%81%d9%8a-%d8%a7%d9%84%d8%af%d9%88%d8%b1%d9%8a-%d9%88%d8%a3%d9%81%d8%b6-%d9%84-%d8%a7%d9%84%d8%a3%d9%87%d9%84%d9%8a-%d8%b9%d9%84%d9%89-%d8%a7%d9%84%d8%b2%d9%85%d8%a7%d9%84%d9%83-%d9%84%d8%a3%d9%86%d9%87-%d9%86%d8%a7%d8%af%d9%8a-%d8%a7%d9%84%d9%82%d8%b1%d9%86,سوكاري: أفضّل الأهلي على الزمالك لأنه نادي القرن,سوكاري ليلا كورة: السعيد الأفضل في الدوري.. وأفضّل الأهلي على الزمالك لأنه نادي القرن
6339,https://arab.sahafahh.net/story/23832070/%D8%AC%D9%84%D8%A7%D9%84%D8%A9-%D8%A7%D9%84%D9%85%D9%84%D9%83-%D8%A7%D9%84%D9%85%D8%B9%D8%B8%D9%85-%D9%8A%D8%B5%D8%AF%D8%B1-%D9%85%D8%B1%D8%B3%D9%88%D9%85-%D8%A7-%D8%A8%D8%AA%D8%B9%D9%8A%D9%8A%D9%86-%D8%B1,جلالة الملك المعظم يصدر مرسومًا بتعيين رئيس لمركز الأرشيف الوطني,جلالة الملك المعظم يصدر مرسومًا بتعيين رئيس لمركز الأرشيف الوطني _أخبار البحرين
10162,https://rosaelyoussef.com/1325442/20-جنيها-مكسب-ارتفاع-سعر-الذهب-عيار-21-في-ختام-التعاملات,20 جنيها مكسب.. ارتفاع سعر الذهب عيار 21 في ختام التعاملات,20 جنيه مكسب.. ارتفاع سعر الذهب عيار 21 في ختام التعاملات
84,http://yallakora.com/carabao-cup/3004/news/521653/-%d8%a7%d9%84%d8%a8-%d8%ad-%d8%a7%d8%b1%d8%a9-%d9%8a%d8%ba%d8%b1%d9%82%d9%88%d9%86-%d8%a7%d9%84%d8%b4%d9%8a%d8%a7%d8%b7%d9%8a%d9%86-%d8%a3%d9%85%d8%a7%d9%85-%d9%86%d9%87%d8%b1-%d9%87%d8%a7%d9%85%d8%a8%d8%b1-%d9%82%d8%b5%d8%a9-%d8%ac%d8%b1%d9%8a%d9%85%d8%a8%d8%b3%d9%8a-%d8%aa%d8%a7%d9%88%d9%86-%d8%a7%d9%84%d8%b0%d9%8a-%d8%a3%d9%82%d8%b5%d9%89-%d9%8a%d9%88%d9%86%d8%a7%d9%8a%d8%aa%d8%af-%d9%85%d9%86-%d9%83%d8%a3%d8%b3-%d9%83%d8%a7%d8%b1%d8%a7%d8%a8%d8%a7%d9%88#HP_Reports,"""البَحّارة"" يغرقون الشياطين أمام نهر هامبر.. قصة جريمبسي تاون الذي أقصى يونايتد من كأس كاراباو حقق نادي جريمبسي تاون انتصارًا تاريخيًا على حساب نظيره مانشستر يونايتد، في الدور الثاني من كأس كاراباو، بركلات الترجيح، ليفجر الفريق الذين ينشط في الدرجة الرابعة، مفاجأة مدوية في عالم الكرة الإنجليزية. 28 أغسطس 2025 11:52 ص","""البَحّارة"" يغرقون الشياطين أمام نهر هامبر.. قصة جريمبسي تاون الذي أقصى يونايتد من كأس كاراباو"
1109,https://alanbatnews.net/article/463952,688 دينار سعر الذهب عيار 21 بالسوق المحلية,68.8 دينار سعر الذهب عيار 21 بالسوق المحلية
9221,https://www.theregister.com/2025/08/27/popular_nodejs_utility_used_by/,Putin on the code: DoD reportedly relies on utility written by Russian dev,Putin on the code: DoD reportedly relies on utility written by Russia-based Yandex dev
2108,https://torontosun.com/news/world/hundreds-honour-2-children-killed-and-17-people-wounded-in-shooting-at-a-minneapolis-catholic-school,Hundreds honour 2 children killed and 17 people wounded in shooting at a Minneapolis Catholic school,Authorities are looking for a motive for the shooter who killed 2 kids at a Minneapolis church
890,https://alborsagia.news/%D8%B7%D9%88%D8%A7%D8%B1%D8%A6-%D8%A8%D8%BA%D9%8F%D8%B1%D9%81%D8%A9-%D8%A7%D9%84%D9%82%D8%A7%D9%87%D8%B1%D8%A9-%D9%84%D8%AA%D9%86%D8%B8%D9%8A%D9%85-%D9%85%D8%B9%D8%B1%D8%B6-%D8%A3%D9%87%D9%84%D9%8B/,طوارئ بغُرفة القاهرة لتنظيم معرض أهلًا مدارس الرئيسي بمدينة نصر,"طوارئ بغُرفة القاهرة لتنظيم معرض ""أهلًا مدارس"" الرئيسي بمدينة نصر"
1040,https://liveegy.com/%D8%B1%D9%8A%D9%86%D9%88-%D8%AF%D8%A7%D8%B3%D8%AA%D8%B1-2025-%D8%AA%D8%AC%D8%B1%D8%A8%D8%A9-%D9%82%D9%8A%D8%A7%D8%AF%D8%A9-%D8%AA%D8%AC%D9%85%D8%B9-%D8%A8%D9%8A%D9%86-%D8%A7%D9%84%D9%82%D9%88%D8%A9/,رينو داستر 2025: تجربة قيادة تجمع بين القوة والعملية,تستمر سيارة رينو داستر في ترسيخ مكانتها كواحدة من أكثر سيارات الـ SUV المدمجة شعبية حول العالم، ومع إطلاق موديل 2025، تقدم الشركة الفرنسية
6661,https://arab.news/8hb8x,US CDC director Susan Monarez is out after less than a month on the,"US CDC chief out after weeks in role, challenges ouster as four top officials resign"
7146,https://www.skynewsarabia.com/world/1816490-%D9%85%D8%A7%D9%94%D8%B2%D9%82-%D9%88%D9%82%D8%AA-%D8%AD%D8%B1%D9%90%D8%AC-%D8%AA%D9%87%D8%AF%D9%8A%D8%AF%D8%A7%D8%AA-%D8%A7%D9%95%D9%8A%D8%B1%D8%A7%D9%86-%D8%AA%D8%B1%D8%A8%D9%83-%D9%88%D9%83%D8%A7%D9%84%D8%A9-%D8%A7%D9%84%D8%B7%D8%A7%D9%82%D8%A9-%D8%A7%D9%84%D8%B0%D8%B1%D9%8A%D8%A9,مأزق في وقت حرِج.. تهديدات إيران تربك وكالة الطاقة الذرية,We apologize for the inconvenience...
515,https://alalamelyoum.co/220588/,تحت عنوان “تأثير الإعلام على المجتمع” غدًا.. “شردي” متحدثًا في ندوة بنادي الصيد المصري بالإسكندرية,تحت عنوان “تأثير الإعلام على المجتمع” غدًا.. “شردي” متحدثًا في ندوة بنادي الصيد المصري بالإسكندرية – العالم اليوم
7041,https://www.radar2.net/581005/%d9%85%d9%88%d8%a7%d8%b9%d9%8a%d8%af-%d8%a7%d9%84%d9%82%d8%b7%d8%a7%d8%b1%d8%a7%d8%aa-%d8%ac%d8%af%d9%88%d9%84-%d8%a7%d9%84%d8%b1%d8%ad%d9%84%d8%a7%d8%aa-%d9%88%d8%a3%d8%b3%d8%b9%d8%a7%d8%b1-%d8%a7/,مواعيد القطارات.. جدول الرحلات وأسعار التذاكر على خط الصعيد القاهرة – أسوان يوم الثلاثاء 26/8/2025,مواعيد القطارات.. جدول الرحلات وأسعار التذاكر على خط الصعيد القاهرة
6879,http://www.mubasher.info/news/4491956/%D8%A3%D8%B3%D9%88%D8%A7%D9%82-%D8%A7%D9%84%D9%85%D8%A7%D9%84-%D8%A7%D9%84%D9%83%D9%88%D9%8A%D8%AA%D9%8A%D8%A9-%D8%AA-%D8%B5%D8%AF%D8%B1-6-%D9%82%D8%B1%D8%A7%D8%B1%D8%A7%D8%AA-%D8%AA%D8%A3%D8%AF%D9%8A%D8%A8%D9%8A%D8%A9-%D8%B6%D8%AF-%D8%B4%D8%B1%D9%83%D8%A7%D8%AA,أسواق المال&quot; الكويتية تُصدر 6 قرارات تأديبية ضد شركات,"أسواق المال"" الكويتية تُصدر 6 قرارات تأديبية ضد شركات"
10415,https://www.aajeg.com/news/breaking#11750787,"مراسل ""العربي الجديد"": الرئيس الجزائري يقيل رئيس الحكومة نذير العرباوي ويكلف وزير الصناعة سيفي غريب برئاسة الحكومة بالنيابة","""رويترز"" عن وزير خارجية ألمانيا: تفعيل إعادة فرض العقوبات على إيران ليست نهاية الدبلوماسية بل يمكن أن تكون بداية مرحلة جديدة"
7292,https://www.bbc.co.uk/sport/rugby-union,"Rugby Union - British & Irish Lions scores, Results & Latest News","Women's World Cup Scores, Results & Latest News"
5363,https://www.independent.co.uk/news/world/americas/crime/minneapolis-shooting-robin-westman-annunciation-catholic-school-live-updates-b2815465.html,Minneapolis shooting latest: Police investigate suspect Robin Westman’s video ‘manifesto’ after two children killed,Minneapolis shooting latest: Police trawl through Robin Westman’s ‘manifesto’ for motive after two children killed
11277,https://www.thesun.co.uk/tv/36476439/strictly-fans-spot-winner-lewis-cope-clue/,Strictly Come Dancing fans spot this year’s winner weeks before the launch after very telling clue,Help us verify you as a real visitor
306,https://koraplus.com/article/97899/%D8%A8%D8%AB-%D9%85%D8%A8%D8%A7%D8%B4%D8%B1-%D9%85%D8%A8%D8%A7%D8%B1%D8%A7%D8%A9-%D8%A8%D9%86%D9%81%D9%8A%D9%83%D8%A7-0-0-%D9%81%D9%86%D8%B1%D8%A8%D8%AE%D8%B4%D8%A9-%D9%81%D9%8A-%D8%AF%D9%88%D8%B1%D9%8A-%D8%A3%D8%A8%D8%B7%D8%A7%D9%84,بث مباشر.. مباراة بنفيكا 0-0 فنربخشة في دوري أبطال أوروبا.. الحارس يتألق,بث مباشر.. مباراة بنفيكا 1-0 فنربخشة في دوري أبطال أوروبا.. انتهت
3742,https://7adramout.net/%d8%a7%d8%ae%d8%a8%d8%a7%d8%b1-%d8%b9%d8%af%d9%86-%d8%ac%d8%a7%d9%85%d8%b9%d8%a9-%d8%b9%d8%af%d9%86-%d8%aa%d8%b7%d9%84%d9%82-%d8%a8%d8%b1%d9%86%d8%a7%d9%85%d8%ac-%d9%85%d8%a7%d8%ac%d8%b3%d8%aa%d9%8a/,اخبار عدن | جامعة عدن تطلق برنامج ماجستير جديد في الإنجليزية التجارية الدولية,جامعة عدن تطلق برنامج ماجستير جديد في الإنجليزية التجارية الدولية
9609,https://www.cnbc.com/2025/08/26/frontier-routes-spirit-airlines.html,Frontier Airlines goes after Spirit Airlines' routes as its rival reels,Frontier Airlines goes after struggling rival Spirit's customers with 20 new routes
7163,https://www.vetogate.com/5471749,مواقيت الصلاة، موعد أذان المغرب اليوم الخميس 28 - 8 - 2025 في القاهرة والمحافظات,مواقيت الصلاة، موعد أذان المغرب اليوم الخميس 28
9109,https://www.cairolive24.com/2208290,مدير شاطئ بورسعيد: قرار الغلق يؤثر سلبًا على السياحة فوضعنا خطط إنقاذ لحماية المصطافين|بث مباشر,مدير شاطئ بورسعيد: قرار الغلق يؤثر سلبًا على السياحة فوضعنا خطط إنقاذ لحماية المصطافين
2510,https://kuwaitnews.com/112041/,"إيران تتعهد الرد على العقوبات الأوروبية ""غير المبرّرة وغير القانونية"" بموجب آلية الزناد",إيران تتعهد الرد على العقوبات الأوروبية “غير المبرّرة وغير القانونية” بموجب آلية الزناد
1160,https://eng.pressbee.net/show4170666.html?title=thunderbolts-ending-explained-how-the-mcu-s-antiheroes-survive-th,Thunderbolts ending explained: How the MCU’s antiheroes survive the ultimate trap,Thunderbolts ending explained: How the MCU’s antiheroes survive the ultimate trap ...Middle East
10401,https://newsroom.info/145018,"القوات المسلحة تستضيف التدريب المصري الأمريكي ""النجم الساطع - 2025""","القوات المسلحة تستضيف التدريب المصري الأمريكي ""النجم الساطع"
3157,https://alahednews.news/post/325726/%D9%84%D8%A8%D9%86%D8%A7%D9%86-%D9%88%D9%81%D8%AF-%D9%85%D9%86-%D8%AA%D8%AC%D9%85%D8%B9-%D8%A7%D9%84%D8%B9%D9%84%D9%85%D8%A7%D8%A1-%D8%A7%D9%84%D9%85%D8%B3%D9%84%D9%85%D9%8A%D9%86-%D8%B2%D8%A7%D8%B1-%D8%A7%D9%84%D8%B4%D9%8A%D8%AE-%D9%86%D8%B5%D8%B1-%D8%A7%D9%84%D8%AF%D9%8A%D9%86-%D8%A7%D9%84%D8%BA%D8%B1%D9%8A%D8%A8-%D9%88%D8%AA%D8%A3%D9%83%D9%8A%D8%AF-%D8%B9%D9%84%D9%89-%D8%B9%D8%AF%D9%85-%D8%A7%D9%84%D8%AA%D9%81%D8%B1%D9%8A%D8%B7,موقع العهد الإخباري | لبنان| وفد من تجمع العلماء المسلمين زار الشيخ نصر الدين الغريب وتأكيد على عدم التفريط بسلاح المقاومة,موقع العهد الإخباري : الصفحة الرئيسية
6339,https://arab.sahafahh.net/story/23831268/%D9%85%D9%87%D8%B1%D8%AC%D8%A7%D9%86-%D8%A7%D9%84%D8%AC%D9%88%D9%86%D8%A9-%D8%A7%D9%84%D8%B3%D9%8A%D9%86%D9%85%D8%A7%D8%A6%D9%8A-%D9%8A%D9%81%D8%AA%D8%AA%D8%AD-%D8%AF%D9%88%D8%B1%D8%AA%D9%87-%D8%A7%D9%84%D8%AB%D8%A7,"مهرجان الجونة السينمائي يفتتح دورته الثامنة بفيلم ""عيد ميلاد سعيد"" لسارة جوهر","فنون: مهرجان الجونة السينمائي يفتتح دورته الثامنة بفيلم ""عيد ميلاد سعيد"" لسارة جوهر"
306,https://koraplus.com/article/97948/%D9%83%D9%88%D8%B1%D8%A9-%D9%83%D9%88%D9%85%D9%8A%D9%83%D8%B3-%D9%85%D9%86-%D9%8A%D8%B1%D9%8A%D8%AF-%D8%A7%D9%84%D9%85%D8%AA%D8%B9%D8%A9-%D9%8A%D8%B0%D9%87%D8%A8-%D8%A5%D9%84%D9%89-%D8%AF%D8%B1%D9%8A%D9%85-%D8%A8%D8%A7%D8%B1%D9%83-%D9%88%D8%B4%D9%8A%D9%83%D9%88,كورة كوميكس | من يريد المتعة يذهب إلى دريم بارك.. وشيكو بانزا بيسجل من غير مايبص على الجول,من يريد المتعة يذهب إلى دريم بارك.. وشيكو بانزا بيسجل من غير مايبص على الجول - كورة بلس
4005,https://bethpress.com/News/Details/22155,هل يقترب “سناب باك” من طهران؟,وتعتبر اول وكالة أنباء سعودية
11279,https://www.thesun.co.uk/money/36468528/supermarket-bbq-garden-mega-sale/,Supermarket shoppers go wild as £39 BBQ scans for just 34p in mega sale,Help us verify you as a real visitor
3094,https://www.wam.ae/article/blf91h8-%25D8%25A7%25D9%2584%25D9%2585%25D8%25B1%25D8%25A3%25D8%25A9-%25D8%25A7%25D9%2584%25D8%25A5%25D9%2585%25D8%25A7%25D8%25B1%25D8%25A7%25D8%25AA%25D9%258A%25D8%25A9-%25D8%25AA%25D8%25B4%25D9%2583%25D9%2584-40-%25D8%25A7%25D9%2584%25D9%2583%25D9%2588%25D8%25A7%25D8%25AF%25D8%25B1-%25D8%25A7%25D9%2584%25D9%2588%25D8%25B7%25D9%2586%25D9%258A%25D8%25A9-%25D9%2585%25D8%25AC%25D9%2585%25D9%2588%25D8%25B9%25D8%25A9,المرأة الإماراتية تشكل 40% من الكوادر الوطنية في مجموعة الإمارات,وكالة أنباء الإمارات
3093,https://www.wam.ae/ar/article/blf91nk-%25D9%2586%25D8%25B3%25D8%25A8%25D8%25A9-%25D8%25AA%25D9%2585%25D9%2584%25D9%2583-%25D8%25B1%25D8%25A7%25D8%25A6%25D8%25AF%25D8%25A7%25D8%25AA-%25D8%25A7%25D9%2584%25D8%25A3%25D8%25B9%25D9%2585%25D8%25A7%25D9%2584-%25D8%25A7%25D9%2584%25D8%25A5%25D9%2585%25D8%25A7%25D8%25B1%25D8%25A7%25D8%25AA%25D9%258A%25D8%25A7%25D8%25AA-%25D8%25A7%25D9%2584%25D8%25B1%25D8%25AE%25D8%25B5-%25D8%25B9%25D8%25AC%25D9%2585%25D8%25A7%25D9%2586,39 % نسبة تملك رائدات الأعمال الإماراتيات الرخص في عجمان,وكالة أنباء الإمارات
2728,https://al-omana.net/details.php?id=248734,«الغذاء والدواء» الأميركية توافق على لقاحات كورونا محدّثة مع قيود جديدة,«الغذاء والدواء» الأميركية توافق على لقاحات كورونا محدّثة مع قيود جديدة - الأمناء نت
1160,https://eng.pressbee.net/show4170494.html?title=how-do-we-feel-about-the-blackhawks-ratings-in-nhl26,How Do We Feel About the Blackhawks Ratings in NHL26?,How Do We Feel About the Blackhawks Ratings in NHL26? ...Middle East
6238,https://www.thegamer.com/no-mans-sky-voyagers-update-doubles-player-count/,No Man’s Sky Players Clearly Love Ship Building As Latest Update Doubles Player Count,No Man’s Sky Players Clearly Love Ship Building As Latest Update Triples Player Count
1140,https://www.thearabianstories.com/2025/08/28/wfp-gaza-food-aid-levels-too-short-to-avert-famine/,WFP: Gaza food aid levels too short to avert famine - The Arabian Stories News,WFP: Gaza food aid levels too short to avert famine
6873,http://www.mubasher.info/news/4492055/-%D8%AB%D9%88%D8%A8-%D8%A7%D9%84%D8%A3%D8%B5%D9%8A%D9%84-%D8%AA%D8%B9%D9%8A%D9%86-%D8%AE%D8%A7%D9%84%D8%AF-%D8%A8%D9%86-%D8%B9%D8%A8%D8%AF%D8%A7%D9%84%D9%84%D9%87-%D8%A7%D9%84%D8%B9%D9%85%D8%B1-%D8%B1%D8%A6%D9%8A%D8%B3%D8%A7-%D8%AA%D9%86%D9%81%D9%8A%D8%B0%D9%8A%D8%A7-%D9%84%D9%84%D8%B4%D8%B1%D9%83%D8%A9,&quot;ثوب الأصيل&quot; تعين خالد بن عبدالله العمر رئيسا تنفيذيا للشركة,"""ثوب الأصيل"" تعين خالد بن عبدالله العمر رئيساً تنفيذياً للشركة"
6661,https://arab.news/zv3gt,Muslim jurists attend meeting in Malaysia organized by Islamic Fiqh,Experts on Islamic law gather for 2-day forum in Malaysia
6671,https://www.tuwaqnews.com/%D9%84%D8%B9%D8%A8%D8%A9-skate-%D8%A7%D9%84%D8%AC%D8%AF%D9%8A%D8%AF%D8%A9-%D8%AA%D8%B5%D9%84-%D9%85%D9%86%D8%B5%D8%A7%D8%AA-%D8%A7%D9%84%D8%A3%D9%84%D8%B9%D8%A7%D8%A8-%D9%88%D8%A7%D9%84%D9%83%D9%85/,لعبة Skate الجديدة تصل منصات الألعاب والكمبيوتر الشخصي في 16 سبتمبر | طويق نيوز,لعبة Skate الجديدة تصل منصات الألعاب والكمبيوتر الشخصي في 16 سبتمبر
1236,https://www.telecompaper.com/news/orange-moldova-releases-version-80-of-my-orange-app-for-iphone--1546323,Orange Moldova releases version 8.0 of My Orange app for iPhone,Follow Telecompaper on
889,https://alborsagia.news/%D9%81%D8%B3%D8%AA%D9%8A%D9%81%D8%A7%D9%84-%D8%B3%D9%8A%D8%AA%D9%8A-%D9%85%D9%88%D9%84-5-%D8%B3%D9%86%D9%88%D8%A7%D8%AA-%D9%85%D9%86-%D8%A7%D9%84%D8%B1%D9%8A%D8%A7%D8%AF%D8%A9-%D9%81%D9%8A-%D9%85/,""" فستيفال سيتي مول"" 5 سنوات من الريادة في مجال الاستدامة والتميز البيئي.. انفوجرافيك",""" فستيفال سيتي مول"".. 5 سنوات من الريادة في مجال الاستدامة والتميز البيئي.. انفوجرافيك"
5442,https://voi.id/olahraga/509607/kejuaraan-dunia-bwf-2025-gregoria-kalah-putri-kw-jadi-harapan-tunggal,"Kejuaraan Dunia BWF 2025: Gregoria Kalah, Putri KW Jadi Harapan Tunggal","Benfica Singkirkan Fenerbahce, Ini Dia 34 Tim yang Berlaga di Liga Champions"
9133,https://www.elamwal.com/273464,سيجنيفاي مصر  توقع مذكرة تفاهم مع كونتراك لتعزيز حلول الإضاءة الذكية في مشاريع المنشآت والمرافق العامة,سيجنيفاي مصر توقع مذكرة تفاهم مع كونتراك لتعزيز حلول الإضاءة الذكية في مشاريع المنشآت والمرافق العامة
515,https://alalamelyoum.co/220596/,«خالد حنفي»: الذكاء الاصطناعي يضيف 320 مليار دولار لاقتصاد الشرق الأوسط بحلول 2030,«خالد حنفي»: الذكاء الاصطناعي يضيف 320 مليار دولار لاقتصاد الشرق الأوسط بحلول 2030 – العالم اليوم
6663,https://arab.news/9ve3w,Indonesia’s anti-graft body runs out of detention space amid string,Indonesia’s anti-graft body runs out of detention space amid string of corruption arrests
3113,https://slaati.com/2025/08/28/p2743269.html,القبض على فنانة مغربية بتهمة الفساد والخيانة الزوجية,القبض على فنانة مغربية بتهمة الفساد والخيانة الزوجية.. فيديو
9576,https://www.alnaharegypt.com/1137267,هواوي تتعاون مع ڤاليو لإعادة تعريف تجربة استخدام الأجهزة اللوحية | تكنولوجيا وانترنت,هواوي تتعاون مع ڤاليو لإعادة تعريف تجربة استخدام الأجهزة اللوحية
1138,https://www.thearabianstories.com/2025/08/28/cpa-seizes-over-300-school-items-offensive-to-religious-values-in-muscat/,CPA seizes over 300 school items offensive to religious values in Muscat - The Arabian Stories News,CPA seizes over 300 school items offensive to religious values in Muscat
246,https://www.elsokelarabia.com/150723,السوق العربية المشتركة | جلوبال كورب تعزز ريادتها في السوق بإتمام إصدار التوريق السابع للتأجير التمويلي والأول للتمويل العقاري بقيمة إجمالية 4.91 مليار جنيه,جلوبال كورب تعزز ريادتها في السوق بإتمام إصدار التوريق السابع للتأجير التمويلي والأول للتمويل العقاري بقيمة إجمالية 4.91 مليار جنيه
9586,https://asharqbusiness.com/economics/96151/%D8%AA%D8%B4%D8%AC%D9%8A%D8%B9-%D8%A7%D9%84%D8%A7%D8%B3%D8%AA%D8%AB%D9%85%D8%A7%D8%B1-%D9%88%D8%A7%D9%84%D9%82%D8%B7%D8%A7%D8%B9-%D8%A7%D9%84%D8%AE%D8%A7%D8%B5-%D8%A3%D9%88%D9%84%D9%88%D9%8A%D8%A9-%D9%84%D9%85%D9%88%D8%A7%D8%B2%D9%86%D8%A9-%D8%B3%D9%88%D8%B1%D9%8A%D8%A7-%D8%A7%D9%84%D8%AC%D8%AF%D9%8A%D8%AF%D8%A9/,تشجيع الاستثمار والقطاع الخاص أولوية للموازنة السورية في 2026,تشجيع الاستثمار وتمكين القطاع الخاص على رأس أولويات الموازنة السورية في 2026
1105,https://alanbatnews.net/article/463941,الأشغال تطوير برنامج لصيانة الطرق خلال السنوات الخمس المقبلة,الأشغال: تطوير برنامج لصيانة الطرق خلال السنوات الخمس المقبلة
3158,https://alahednews.news/post/325727/%D8%A7%D9%84%D8%B3%D9%88%D8%AF%D8%A7%D9%86-%D8%A7%D9%84%D8%AC%D9%8A%D8%B4-%D9%8A%D8%B5%D8%AF-%D9%85%D8%B9-%D8%A7%D9%84%D9%82%D9%88%D8%A7%D8%AA-%D8%A7%D9%84%D8%AD%D9%84%D9%8A%D9%81%D8%A9-%D9%87%D8%AC%D9%88%D9%85%D9%8B%D8%A7-%D9%84%D9%84%D8%AF%D8%B9%D9%85-%D8%A7%D9%84%D8%B3%D8%B1%D9%8A%D8%B9-%D8%B9%D9%84%D9%89-%D9%85%D9%88%D8%A7%D9%82%D8%B9%D9%87-%D8%B4%D9%85%D8%A7%D9%84-%D8%B4%D8%B1%D9%82%D9%8A-%D8%A7%D9%84%D9%81%D8%A7%D8%B4%D8%B1,موقع العهد الإخباري | السودان: الجيش يصد مع القوات الحليفة هجومًا للدعم السريع على مواقعه شمال شرقي الفاشر,موقع العهد الإخباري : الصفحة الرئيسية
3158,https://alahednews.news/post/86330/%D8%AD%D8%B2%D8%A8-%D8%A7%D9%84%D9%84%D9%87-%D9%8A%D8%B2%D9%88%D8%B1-%D8%A7%D9%84%D8%B1%D8%A6%D9%8A%D8%B3-%D8%AF%D9%8A%D8%A7%D8%A8..-%D9%81%D9%86%D9%8A%D8%B4-%D8%A7%D9%84%D8%B1%D9%87%D8%A7%D9%86-%D8%B9%D9%84%D9%89-%D8%A7%D9%84%D8%A3%D9%85%D9%8A%D8%B1%D9%83%D9%8A-%D8%B3%D8%B1%D8%A7%D8%A8,موقع العهد الإخباري | حزب الله يزور الرئيس دياب.. فنيش: الرهان على الأميركي سراب,حزب الله يزور الرئيس دياب.. فنيش: الرهان على الأميركي سراب
5861,https://akhber-alwatan.com/?p=44136,Maadi rentals,القنصل العام للمملكة المغربية يحتفل بمناسبة الذكرى الخامسة والعشرون لتربع الملك محمد السادس ملك المغرب عرش اسلافه المنعمين
92,https://www.alsbbora.info/462806,نتيجة الثانوية العامة 2025 الدور الثاني بعد اعتمادها.. رابط النتيجة وخطوات الاستعلام,نتيجة الثانوية العامة 2025 الدور الثاني بعد اعتمادها.. رابط النتيجة وخطوات الاستعلام
2323,https://www.bna.bh/news?cms=q8FmFJgiscL2fwIzON1%2bDi04JvhdZ0wD6l9ulG7dxh0%3d,صعود مؤشرات الأسهم الأميركية,صعود مؤشرات الأسهم الأمريكية
6105,https://sharqakhbar.com/news/egypt-news/%d8%a3%d8%ad%d9%85%d8%af-%d9%85%d9%88%d8%b3%d9%89-%d9%8a%d8%ad%d8%b0%d8%b1-%d9%85%d9%86-%d9%85%d9%88%d8%ac%d8%a7%d8%aa-%d8%aa%d9%87%d8%ac%d9%8a%d8%b1-%d8%ba%d9%8a%d8%b1-%d8%b4%d8%b1%d8%b9%d9%8a%d8%a9/,أحمد موسى يحذر من موجات تهجير غير شرعية تهدد العالم.. فيديو | أخبار وتقارير | بوابة الكلمة,أحمد موسى يحذر من موجات تهجير غير شرعية تهدد العالم.. فيديو
5532,https://www.khabarmasr.com/news/get_news/967987/بدون-أدوية..-طرق-علاج-صداع-الجيوب-الأنفية,بدون أدوية.. طرق علاج صداع الجيوب الأنفية,المرأة والطفل / بدون أدوية.. طرق علاج صداع الجيوب الأنفية
6713,https://www.almasdar.com/160264,رئيس الوزراء يبحث مع نظيره القطري مجالات التعاون المشترك,رئيس الوزراء يبحث مع نظيره القطري مجالات التعاون والإستثمار المشترك
1634,https://alresala-alarabiya.com/%d9%85%d8%ad%d9%83%d9%85%d8%a9-%d9%85%d8%b5%d8%b1%d9%8a%d8%a9-%d8%aa%d8%aa%d8%ad%d9%81%d8%b8-%d8%b9%d9%84%d9%89-%d8%a3%d9%85%d9%88%d8%a7%d9%84-%d8%b4%d8%a7%d9%83%d8%b1-%d9%85%d8%ad%d8%b8%d9%88%d8%b1/,محكمة مصرية تتحفظ على أموال “شاكر محظور دلوقتي”,"محكمة مصرية تتحفظ على أموال ""شاكر محظور دلوقتي"""
1051,https://www.mwatan.news/938440,فرنسا وبريطانيا وألمانيا تُفعل إعادة فرض العقوبات على إيران,مستقبل وطن نيوز
19,http://alamrakamy.com/article/79760,"هواوي"" رسميًا  تكشف عن إطلاق منتجها الجديد في 4 سبتمبر القادم","هواوي"" رسميًا تكشف عن إطلاق منتجها الجديد في 4 سبتمبر القادم"
1235,https://www.telecompaper.com/news/singtel-launches-tiktok-masterclass-for-smes--1546376,Singtel launches TikTok masterclass for SMEs,Follow Telecompaper on
142,https://shbabbek.com/show/257128,بعد لحظات.. أحصل على نتيجة الثانوية الثانوية الدور الثاني 2025 بالرابط والخطوات,نتيجة الثانوية الثانوية الدور الثاني 2025.. متاحة الآن عبر الرابط من هنا
3944,https://khaleejtopics.com/news/%d8%aa%d8%ad%d8%af%d9%8a-%d8%a7%d9%84%d8%b9%d9%85%d9%8a%d9%84-3179/,تحدي العميل,موضوعات الخليج
2704,https://al-sharq.com/article/28/08/2025/الميرة-تطلق-حملتها-الترويجية-لموسم-العودة-إلى-المدارس,الميرة تطلق حملتها الترويجية لموسم &quot;العودة إلى المدارس&quot;,"الميرة تطلق حملتها الترويجية لموسم ""العودة إلى المدارس"""
10205,https://enterprise.news/egypt/ar/news/story/b8c8386c-418e-40e3-9fd7-057f7a51e790/%25d9%2585%25d8%25ac%25d9%2585%25d8%25b9-%25d8%25b7%25d8%25a7%25d9%2582%25d8%25a9-%25d8%25b4%25d9%2585%25d8%25b3%25d9%258a%25d8%25a9-%25d8%25ac%25d8%25af%25d9%258a%25d8%25af-%25d8%25a8%25d9%2580-220-%25d9%2585%25d9%2584%25d9%258a%25d9%2588%25d9%2586-%25d8%25af%25d9%2588%25d9%2584%25d8%25a7%25d8%25b1-%25d9%2581%25d9%258a-%25d8%25a7%25d9%2582%25d8%25aa%25d8%25b5%25d8%25a7%25d8%25af%25d9%258a%25d8%25a9-%25d9%2582%25d9%2586%25d8%25a7%25d8%25a9-%25d8%25a7%25d9%2584%25d8%25b3%25d9%2588%25d9%258a%25d8%25b3,"مجمع طاقة شمسية جديد بـ 220 مليون دولار في ""اقتصادية قناة السويس""","Enterprise — Essential business, finance and policy news from the Arab world"
6695,https://twaslnews.com/%D9%85%D8%B5%D8%B1%D8%A7%D9%88%D9%8A/1845150/,"ترامب يقود اجتماعًا لبحث ""المرحلة التالية"" بعد انتهاء الحرب في غزة بمشاركة",ترامب يقود اجتماعًا لبحث “المرحلة التالية” بعد انتهاء الحرب في غزة بمشاركة
244,https://www.msr2030.com/494756,إيرادات فيلم روكي الغلابة بدور العرض أمس | الفنون,إيرادات فيلم روكي الغلابة بدور العرض أمس
6695,https://twaslnews.com/%D9%85%D8%B5%D8%B1%D8%A7%D9%88%D9%8A/1845441/,وزير العمل يناقش مع محافظ الإسكندرية قضايا التدريب المهني,وزير العمل يناقش مع محافظ الإسكندرية قضايا التدريب المهني – صور
5793,https://www.maspero.eg/science-and-technology/2025/08/27/885746/%D8%A8%D8%A7%D8%AD%D8%AB-%D9%81%D9%8A-%D8%A7%D9%84%D8%A8%D9%8A%D8%A6%D8%A9-%D9%88%D8%A7%D9%84%D9%85%D9%86%D8%A7%D8%AE%D8%A7%D9%84%D8%AA%D8%BA%D9%8A%D8%B1%D8%A7%D8%AA-%D8%A7%D9%84%D9%85%D9%86%D8%A7%D8%AE%D9%8A%D8%A9-%D8%AA%D8%AD%D8%AF%D9%8A-%D8%A7%D9%84%D8%B9%D8%B5%D8%B1-%D8%A7%D9%84%D8%B0%D9%8A-%D9%8A%D9%87%D8%AF%D8%AF-%D8%B5%D8%AD%D8%A9-%D8%A7%D9%84%D9%85%D8%B5%D8%B1%D9%8A%D9%8A%D9%86,باحث في البيئة والمناخ:التغيرات المناخية تحدي العصر الذي يهدد صحة المصريين,بالفيديو.. التغيرات المناخية تحدي العصر الذي يهدد صحة المصريين
246,https://www.elsokelarabia.com/150699,السوق العربية المشتركة | رئيس البرلمان العربي يدين الـتصعيد الإسرائيلي واستهدافه الصحفيين والطواقم الطبية والإغاثية بغزة,رئيس البرلمان العربي يدين الـتصعيد الإسرائيلي واستهدافه الصحفيين والطواقم الطبية والإغاثية بغزة
940,https://alqararalmasry.com/2025/08/28/%D8%A7%D9%82%D8%AA%D8%B5%D8%A7%D8%AF/%D8%A3%D8%B1%D8%A8%D8%A7%D8%AD-%D8%A7%D9%84%D8%A8%D9%86%D9%83-%D8%A7%D9%84%D9%85%D8%B1%D9%83%D8%B2%D9%8A-%D8%A7%D9%84%D9%85%D8%B5%D8%B1%D9%8A-%D8%AA%D9%82%D9%81%D8%B2-%D8%A5%D9%84%D9%89-77-5-%D9%85/211928/,أرباح البنك المركزي المصري تقفز إلى 77.5 مليار جنيه في يونيو 2025 - Al Qarar Al Masry,أرباح البنك المركزي المصري تقفز إلى 77.5 مليار جنيه في يونيو 2025
1240,https://www.marketscreener.com/news/turkey-factors-to-watch-on-aug-28-ce7c50dfd88cfe24,Turkey - Factors to watch on Aug 28,Factors to watch on Aug 28
3889,https://sa.tqwem.com/technology/%d8%a3%d9%83%d9%88%d8%a7%d8%af-%d9%81%d8%b1%d9%8a-%d9%81%d8%a7%d9%8a%d8%b1-%d9%85%d8%ac%d8%a7%d9%86%d9%8b%d8%a7-%d8%ba%d9%8a%d8%b1-%d9%85%d8%b3%d8%aa%d8%b9%d9%85%d9%84%d8%a9/,“17 هدية من جارينا اليوم” .. أكواد فري فاير 2025 مجانًا غير مستعملة بوابتك الذهبية لامتلاك أزياء أسطورية وجواهر ورقصات وأسلحة نادرة,"""17 هدية من جارينا اليوم"" .. أكواد فري فاير 2025 مجانًا غير مستعملة بوابتك الذهبية لامتلاك أزياء أسطورية وجواهر ورقصات وأسلحة نادرة"
5532,https://www.khabarmasr.com/news/get_news/967425/تهديد-قاتل-ووقاية-مضمونة..-كل-ما-تريد-معرفته-عن-داء-الكلب-وطرق-انتقاله-للإنسان,تهديد قاتل ووقاية مضمونة.. كل ما تريد معرفته عن داء الكلب وطرق انتقاله للإنسان,المرأة والطفل / تهديد قاتل ووقاية مضمونة.. كل ما تريد معرفته عن داء الكلب وطرق انتقاله للإنسان
1072,https://tatweeg.news/%D8%A7%D9%84%D9%87%D9%88%D9%83%D9%8A/,وزير الرياضة يلتقي رئيس الاتحاد المصري للهوكي لبحث مستجدات تنظيم مصر للبطولة الأفريقية,وزير الرياضة يلتقي رئيس الاتحاد المصري للهوكي لبحث مستجدات تنظيم مصر للبطولة الأفريقية — تتويج نيوز
941,https://alqararalmasry.com/2025/08/28/%D8%A7%D9%82%D8%AA%D8%B5%D8%A7%D8%AF/%D9%82%D8%B7%D8%B1-%D8%AA%D8%A4%D9%83%D8%AF-%D8%A7%D9%84%D8%AA%D8%B2%D8%A7%D9%85%D9%87%D8%A7-%D8%A8%D8%B6%D8%AE-7-5-%D9%85%D9%84%D9%8A%D8%A7%D8%B1-%D8%AF%D9%88%D9%84%D8%A7%D8%B1-%D8%A7%D8%B3%D8%AA/211940/,قطر تؤكد التزامها بضخ 7.5 مليار دولار استثمارات في مصر - Al Qarar Al Masry,قطر تؤكد التزامها بضخ 7.5 مليار دولار استثمارات في مصر
3957,https://nabdapp.com/t/160053537,"إرم سبورت / ""يويفا"" يجري تعديلا مهما في موعد نهائي دوري أوروبا","إرم سبورت/""يويفا"" يجري تعديلا مهما في موعد نهائي دوري أوروبا"
1160,https://eng.pressbee.net/show4170577.html?title=wwe-legend-officially-confirms-he-has-signed-a-new-deal-with-aew,WWE legend officially confirms he has signed a new deal with AEW,WWE legend officially confirms he has signed a new deal with AEW ...Middle East
3643,https://asharq.com/politics/150218/%D9%81%D8%B1%D9%86%D8%B3%D8%A7-%D9%88%D8%A8%D8%B1%D9%8A%D8%B7%D8%A7%D9%86%D9%8A%D8%A7-%D9%88%D8%A3%D9%84%D9%85%D8%A7%D9%86%D9%8A%D8%A7-%D8%AA-%D9%81%D8%B9%D9%84-%D8%A5%D8%B9%D8%A7%D8%AF%D8%A9-%D9%81%D8%B1%D8%B6-%D8%A7%D9%84%D8%B9%D9%82%D9%88%D8%A8%D8%A7%D8%AA-%D8%B9%D9%84%D9%89-%D8%A5%D9%8A%D8%B1%D8%A7%D9%86/,"""رويترز"": فرنسا وبريطانيا وألمانيا تُفعل إعادة فرض العقوبات على إيران",واشنطن ترحب وطهران تتوعد.. أوروبا تفعّل آلية إعادة فرض العقوبات على إيران
1058,https://www.nile.eg/%D8%B1%D9%88%D8%B3%D9%8A%D8%A7-%D9%85%D9%87%D8%AA%D9%85%D9%88%D9%86-%D8%A8%D9%85%D8%A8%D8%A7%D8%AD%D8%AB%D8%A7%D8%AA-%D8%A7%D9%84%D8%B3%D9%84%D8%A7%D9%85-%D9%84%D9%83%D9%86-%D8%B3%D9%86%D9%88%D8%A7,قناة النيل للأخبار | روسيا: مهتمون بمباحثات السلام.. لكن سنواصل ضرباتنا فى أوكرانيا,روسيا: مهتمون بمباحثات السلام.. لكن سنواصل ضرباتنا فى أوكرانيا
9519,https://arab.news/4wqsw,Two state solution is “only path to peace in the region” says Saudi,Two-state solution is ‘only path to peace in the region’ says Saudi foreign minister
824,https://bloom-gate.com/%D8%A3%D8%B3%D9%88%D8%A7%D9%82/%D8%A7%D9%84%D8%A5%D8%B3%D9%83%D9%86%D8%AF%D8%B1%D9%8A%D8%A9-%D9%84%D9%84%D8%A8%D8%AA%D8%B1%D9%88%D9%84-%D8%AA%D9%83%D8%B1%D9%8A%D8%B1-3-5-%D9%85%D9%84%D9%8A%D9%88%D9%86-%D8%B7%D9%86-%D9%88%D8%AA/,الإسكندرية للبترول: تكرير 3.5 مليون طن وتطوير الأمن الصناعي بقيمة 1.3 مليار جنيه - Bloom Gate -بوابة بلوم,الإسكندرية للبترول: تكرير 3.5 مليون طن وتطوير الأمن الصناعي بقيمة 1.3 مليار جنيه
2725,https://al-omana.net/details.php?id=248698,فضيحة الإعاشة السياسية في دولة المناصب الوهمية . .,فضيحة الإعاشة السياسية في دولة المناصب الوهمية . . - الأمناء نت
244,https://www.msr2030.com/494775,أمين الفلاحين يلتقي رئيس صندوق التأمين علي الثروة الحيوانية لمناقشة طلبات صغار المربين للمواشي | الأخبار,أمين الفلاحين يلتقي رئيس صندوق التأمين علي الثروة الحيوانية لمناقشة طلبات صغار المربين للمواشي
1094,https://www.addustour.com/articles/1513620-%D8%A7%D9%84%D8%A3%D8%B1%D8%AF%D9%86-%D9%88%D8%A7%D9%84%D8%A8%D8%AD%D8%B1%D9%8A%D9%86-%D8%B4%D8%B1%D8%A7%D9%83%D8%A9-%D8%B4%D8%A8%D8%A7%D8%A8%D9%8A%D8%A9-%D9%88%D8%B1%D9%8A%D8%A7%D8%B6%D9%8A%D8%A9-%D9%84%D8%B5%D9%86%D8%A7%D8%B9%D8%A9-%D8%AC%D9%8A%D9%84-%D9%85%D9%84%D9%87%D9%85-%D9%8A%D9%82%D9%88%D8%AF-%D8%A7%D9%84%D9%85%D8%B3%D8%AA%D9%82%D8%A8%D9%84,الأردن والبحرين.. شراكة شبابية ورياضية لصناعة جيل...,الأردن والبحرين.. شراكة شبابية ورياضية لصناعة جيل ملهم يقود المستقبل
1249,https://article.wn.com/view/2025/08/28/China_urges_Philippines_to_stop_inciting_hyping_up_bilateral_e/,China urges Philippines to stop inciting_ hyping up bilateral maritime issues,"China urges Philippines to stop inciting, hyping up bilateral maritime issues"
11274,https://www.thesun.co.uk/news/36467746/northampton-schoolgirl-vanishes-london/,"Map reveals last sightings of tourist schoolgirl, 15, who vanished after travelling to London to see famous landmarks",Help us verify you as a real visitor
6072,https://ppregypt.com/post/view/11/Post/details/11665/%D9%87%D9%88%D8%A7%D9%88%D9%8A-%D9%85%D8%B5%D8%B1-%D9%88%D8%A7%D9%84%D8%A3%D9%83%D8%A7%D8%AF%D9%8A%D9%85%D9%8A%D8%A9-%D8%A7%D9%84%D8%B9%D8%B1%D8%A8%D9%8A%D8%A9-%D9%8A%D8%B7%D9%84%D9%82%D8%A7%D9%86-%D9%85%D8%B1%D9%83%D8%B2-%D8%A7%D9%84%D8%AF%D8%B9%D9%85-%D9%84%D8%A3%D9%83%D8%A7%D8%AF%D9%8A%D9%85%D9%8A%D8%A9-%D9%87%D9%88%D8%A7%D9%88%D9%8A-%D9%84%D8%AA%D9%83%D9%86%D9%88%D9%84%D9%88%D8%AC%D9%8A%D8%A7-%D8%A7%D9%84%D9%85%D8%B9%D9%84%D9%88%D9%85%D8%A7%D8%AA-%D9%88%D8%A7%D9%84%D8%A7%D8%AA%D8%B5%D8%A7%D9%84%D8%A7%D8%AA,هواوي مصر والأكاديمية العربية يطلقان مركز الدعم لأكاديمية هواوي لتكنولوجيا المعلومات والاتصالات (IASC) لتعزيز التحول الرقمي,بروفيشنال ايكونومي
137,https://nilefm.com/life/article/12634/gold-and-silver-prices-in-egypt-21k-at-egp-4-600-silver-at-egp-63-28th-august,"Gold and Silver Prices in Egypt | 21K at EGP 4,600, Silver at EGP 63 — 28th August | NileFM | EGYPT'S#1 FOR HIT MUSIC","21K at EGP 4,600, Silver at EGP 63 — 28th August"
9302,https://gulfnews.com/business/aviation/india-uae-travel-budget-airline-launches-fare-deals-from-dh180-1.500248591,India budget airline launches fare deals from Dh180,India-UAE travel: Budget airline launches fare deals from Dh180
1636,https://news.gulf365.net/world-news/13156712/%D9%84%D9%84%D9%85%D8%B1%D8%A9-%D8%A7%D9%84%D8%AB%D8%A7%D9%86%D9%8A%D8%A9---%D8%BA%D8%A7%D8%B1%D8%A7%D8%AA-%D8%A5%D8%B3%D8%B1%D8%A7%D8%A6%D9%8A%D9%84%D9%8A%D8%A9-%D9%88%D8%B9%D9%85%D9%84%D9%8A%D8%A9-%D8%A5%D9%86%D8%B2%D8%A7%D9%84-%D8%AC%D9%88%D9%8A-%D9%84%D8%AC%D9%86%D9%88%D8%AF-%D9%81%D9%8A-%D8%B1%D9%8A%D9%81-%D8%AF%D9%85%D8%B4%D9%82.html,للمرة الثانية - غارات إسرائيلية وعملية إنزال جوي لجنود في ريف دمشق,غارات إسرائيلية وعملية إنزال جوي لجنود في ريف دمشق
1249,https://article.wn.com/view/2025/08/28/Why_India_not_China_US_Democrats_panel_slams_Donald_Trump_s_/,Why India_ not China?: US Democrats panel slams Donald Trump’s 50% tariffs,"Why India, not China?: US Democrats panel slams Donald Trump’s 50% tariffs"
2254,https://english.hathalyoum.net/articles/202443-videonikki-budzinski-asks-witness-about-challeng,Video | Nikki Budzinski Asks Witness About ‘Challenges’ Female Veterans Have In Getting Healthcare,Nikki Budzinski Asks Witness About ‘Challenges’ Female Veterans Have In Getting Healthcare
1237,https://www.telecompaper.com/news/proximus-outperforms-on-flat-belgian-telecom-market-in-q2--1546374,Proximus outperforms on flat Belgian telecom market in Q2,Follow Telecompaper on
318,https://sadaelkhabar.com/%d8%aa%d9%88%d9%82%d9%8a%d9%81-%d8%b7%d9%81%d9%84-%d8%aa%d8%b1%d9%83%d9%8a-%d8%b7%d8%b9%d9%86-%d9%88%d8%a7%d9%84%d8%af%d9%87-%d8%af%d9%81%d8%a7%d8%b9%d8%a7%d9%8b-%d8%b9%d9%86-%d8%a3%d9%85%d9%91/,توقيف طفل تركي ..  طعن والده دفاعاً عن أمّه “صدى الخبر”,توقيف طفل تركي .. طعن والده دفاعاً عن أمّه “صدى الخبر”
2599,https://beiruttime-lb.com/%d8%b9%d8%a7%d8%ac%d9%84-%d8%b1%d8%b3%d8%a7%d9%84%d8%a9-%d8%a7%d8%b7%d9%84%d8%b9%d8%aa-%d8%b9%d9%84%d9%8a%d9%87%d8%a7-%d8%b1%d9%88%d9%8a%d8%aa%d8%b1%d8%b2-%d9%81%d8%b1%d9%86%d8%b3%d8%a7-%d9%88-2/,عاجل | رسالة اطلعت عليها رويترز: فرنسا وبريطانيا وألمانيا تفعل عملية إعادة فرض العقوبات الدولية على #إيران… #عاجل   الجزيرة,رسالة اطلعت عليها رويترز: فرنسا وبريطانيا وألمانيا تفعل عملية إعادة فرض العقوبات الدولية على #إيران... #عاجل الجزيرة - بتوقيت بيروت
2661,https://marebpress.net/news_details.php?lang=arabic&sid=213280,صفقة الأرض الملعونة.. أنباء مفاجئة وقد تشعل حربا طاحنة  عن مقايضة الجولان بمزارع شبعا وجبل الروس,صفقة الأرض الملعونة.. أنباء مفاجئة وقد تشعل حربا طاحنة عن مقايضة الجولان بمزارع شبعا وجبل الروس
9563,https://www.alnaharegypt.com/1137270,رئيس الأركان يتفقد الإستعدادات النهائية لإستضافة فعاليات تدريب النجم الساطع 2025 | أهم الأخبار,رئيس الأركان يتفقد الإستعدادات النهائية لإستضافة فعاليات تدريب النجم الساطع 2025
3132,https://www.sarayanews.com/article/1030450/%D8%AD%D8%A7%D8%AF%D8%AB-%D8%A3%D8%B7%D9%81%D8%A7%D9%84-%D8%AF%D9%84%D8%AC%D8%A7-%D9%8A%D9%87%D8%B2-%D9%85%D8%B5%D8%B1-%D8%A7%D9%84%D8%A3%D9%85-%D8%A7%D9%84%D9%85%D9%83%D9%84%D9%88%D9%85%D8%A9-%D8%AA%D8%B1%D9%88%D9%8A,حادث أطفال دلجا يهز مصر .. الأم المكلومة تروي تفاصيل المأساة,وكالة سرايا : حادث أطفال دلجا يهز مصر ..  الأم المكلومة تروي تفاصيل المأساة
244,https://www.msr2030.com/494620,سعر الدقيق اليوم الخميس عند التاجر.. بكام شيكارة الدقيق | الاقتصاد,سعر الدقيق اليوم الخميس عند التاجر.. بكام شيكارة الدقيق
9343,https://gulfnews.com/sport/football/something-has-to-change-says-amorim-after-united-humiliation-1.500248573,"Something has to change, says Amorim after United loss","'Something has to change', says Amorim after United humiliation"
5524,https://www.khabarmasr.com/news/get_news/968237/لماذا-تضع-مصر-القضية-الفلسطينية-فى-صدارة-أولوياتها؟..-أسرار-تكشف-لأول-مرة-فى-الجلسة-سرية-مع-سمير-عمر,لماذا تضع مصر القضية الفلسطينية فى صدارة أولوياتها؟.. أسرار تكشف لأول مرة فى الجلسة سرية مع سمير عمر,فنون / لماذا تضع مصر القضية الفلسطينية فى صدارة أولوياتها؟.. أسرار تكشف لأول مرة فى الجلسة سرية مع سمير عمر
3893,https://sa.tqwem.com/economy/%d8%b3%d8%b9%d8%b1-100-%d8%af%d9%88%d9%84%d8%a7%d8%b1-%d9%81%d9%8a-%d8%a7%d9%84%d8%b9%d8%b1%d8%a7%d9%82-%d8%a7%d9%84%d9%8a%d9%88%d9%85-7/,استقرار ملحوظ .. سعر 100 دولار في العراق اليوم الخميس 28 أغسطس 2025 في البنوك الرسمية والبورصات العراقية,التقويم الإخباري
7039,https://almasaronline.com/%d8%a7%d9%84%d8%a2%d9%86-%d8%b4%d8%a7%d9%87%d8%af-%d9%82%d8%b1%d8%b9%d8%a9-%d8%af%d9%88%d8%b1%d9%8a-%d8%a3%d8%a8%d8%b7%d8%a7%d9%84-%d8%a3%d9%88%d8%b1%d9%88%d8%a8%d8%a7-2026-%d8%a8%d8%ab-%d9%85%d8%a8/253088/,الآن.. شاهد قرعة دوري أبطال أوروبا 2026 بث مباشر وتعرف على مواجهات الموسم الجديد,الآن.. شاهد قرعة دوري أبطال أوروبا 2026 بث مباشر وتعرف على مواجهات الموسم الجديد صحيفة المسار الإلكترونية
